Name,MEOH_water_BestSel_alpha,TFE_water_BestSel_alpha,water_BestSel_alpha,MEOH_water_BestSel_beta,TFE_water_BestSel_beta,water_BestSel_beta,MEOH_water_BestSel_unstruct,TFE_water_BestSel_unstruct,water_BestSel_unstruct,MEOH_water_CDSSTR_Alpha,MEOH_water_CONTINLL_Alpha,MEOH_water_SELCON3_Alpha,SDS_CDSSTR_Alpha,SDS_CONTINLL_Alpha,SDS_SELCON3_Alpha,TFE_water_CDSSTR_Alpha,TFE_water_CONTINLL_Alpha,TFE_water_SELCON3_Alpha,water_CDSSTR_Alpha,water_CONTINLL_Alpha,water_SELCON3_Alpha,MEOH_water_CDSSTR_Beta,MEOH_water_CONTINLL_Beta,MEOH_water_SELCON3_Beta,SDS_CDSSTR_Beta,SDS_CONTINLL_Beta,SDS_SELCON3_Beta,TFE_water_CDSSTR_Beta,TFE_water_CONTINLL_Beta,TFE_water_SELCON3_Beta,water_CDSSTR_Beta,water_CONTINLL_Beta,water_SELCON3_Beta,MEOH_water_CDSSTR_Unstruct,MEOH_water_CONTINLL_Unstruct,MEOH_water_SELCON3_Unstruct,SDS_CDSSTR_Unstruct,SDS_CONTINLL_Unstruct,SDS_SELCON3_Unstruct,TFE_water_CDSSTR_Unstruct,TFE_water_CONTINLL_Unstruct,TFE_water_SELCON3_Unstruct,water_CDSSTR_Unstruct,water_CONTINLL_Unstruct,water_SELCON3_Unstruct,MEOH_water_Alpha_Average,MEOH_water_Beta_Average,MEOH_water_Unstruct_Average,SDS_Alpha_Average,SDS_Beta_Average,SDS_Unstruct_Average,TFE_water_Alpha_Average,TFE_water_Beta_Average,TFE_water_Unstruct_Average,water_Alpha_Average,water_Beta_Average,water_Unstruct_Average,Sequence
ADCK2-RLW12,0.016,0.131,0.0885,0.461,0.345,0.501,0.523,0.524,0.4105,0.045,0.045,0.066,0.568,0.477,0.608,0.508,0.243,0.316,0.023,0.052,0.005,0.305,0.221,0.212,0.2,0.131,0.099,0.115,0.089,0.158,0.326,0.258,0.259,0.642,0.733,0.712,0.234,0.391,0.294,0.381,0.668,0.539,0.638,0.69,0.74,0.052,0.246,0.6956666666666665,0.551,0.1433333333333333,0.3063333333333333,0.3556666666666666,0.1206666666666666,0.5293333333333333,0.0266666666666666,0.281,0.6893333333333332,RLWLRAGALLVK
AGRN-KVR18,0.02,0.155,0.0925,0.478,0.371,0.4054999999999999,0.502,0.474,0.502,0.18,0.072,0.193,0.847,0.681,0.626,0.798,0.544,0.427,0.065,0.159,0.214,0.209,0.264,0.178,0.044,0.035,0.029,0.073,0.042,0.111,0.278,0.031,0.012,0.615,0.664,0.642,0.113,0.284,0.342,0.115,0.415,0.472,0.647,0.811,0.794,0.1483333333333333,0.217,0.6403333333333333,0.718,0.036,0.2463333333333333,0.5896666666666667,0.0753333333333333,0.334,0.146,0.107,0.7506666666666667,KVRVWRYLKGKDLVARES
APOB-RKR18,0.019,0.246,0.0905,0.447,0.246,0.3954999999999999,0.534,0.508,0.514,0.378,0.207,0.257,0.82,0.791,0.673,0.764,0.837,0.333,0.072,0.219,0.12,0.258,0.116,0.016,0.064,0.01,-0.012,0.075,0.015,0.044,0.339,0.023,0.003,0.364,0.677,0.729,0.109,0.199,0.345,0.15,0.147,0.656,0.587,0.758,0.892,0.2806666666666667,0.13,0.59,0.7613333333333333,0.0206666666666666,0.2176666666666666,0.6446666666666666,0.0446666666666666,0.3176666666666667,0.1369999999999999,0.1216666666666666,0.7456666666666667,RKRGLKLATALSLSNKFV
ASPM-KTL9,0.041,0.066,0.28,0.46,0.406,0.38,0.499,0.528,0.3399999999999999,0.038,0.052,0.073,0.428,0.203,0.475,0.168,0.093,0.182,0.03,0.058,0.059,0.321,0.276,0.207,0.291,0.254,0.128,0.223,0.29,0.178,0.28,0.201,0.199,0.631,0.672,0.702,0.285,0.542,0.424,0.6,0.617,0.688,0.688,0.742,0.717,0.0543333333333333,0.2679999999999999,0.6683333333333333,0.3686666666666666,0.2243333333333333,0.417,0.1476666666666666,0.2303333333333333,0.635,0.0489999999999999,0.2266666666666666,0.7156666666666666,KTLRLLWKI
ATP6V0A1-KNI12,0.07,0.094,0.145,0.413,0.329,0.5165,0.517,0.577,0.3385,0.23,0.187,0.243,0.426,0.242,0.41,0.482,0.378,0.387,0.057,0.079,0.147,0.211,0.143,0.219,0.263,0.237,0.127,0.116,0.077,0.107,0.302,0.0,0.119,0.558,0.669,0.571,0.315,0.521,0.484,0.405,0.544,0.518,0.636,0.922,0.772,0.22,0.1909999999999999,0.5993333333333334,0.3593333333333333,0.209,0.44,0.4156666666666666,0.0999999999999999,0.489,0.0943333333333333,0.1403333333333333,0.7766666666666667,KNIRVWFIKVRK
C10orf70-RVW11,0.017,0.062,0.0925,0.429,0.299,0.36,0.554,0.639,0.5475,0.056,0.059,0.112,0.522,0.466,0.394,0.468,0.371,0.367,0.034,0.075,0.053,0.382,0.384,0.264,0.176,0.022,0.107,0.199,0.186,0.12,0.29,0.199,0.202,0.547,0.557,0.625,0.301,0.512,0.527,0.329,0.444,0.515,0.672,0.727,0.733,0.0756666666666666,0.3433333333333333,0.5763333333333334,0.4606666666666667,0.1016666666666666,0.4466666666666666,0.4019999999999999,0.1683333333333333,0.4293333333333333,0.054,0.2303333333333333,0.7106666666666667,RVWSLMRFLIK
CLCN7-PRV15,0.006,0.183,0.118,0.474,0.306,0.373,0.52,0.511,0.509,0.074,0.07,0.075,0.721,0.807,0.686,0.816,0.595,0.686,0.036,0.067,0.04,0.398,0.166,0.238,0.08,0.009,0.014,0.037,0.033,-0.026,0.326,0.044,0.037,0.52,0.764,0.693,0.192,0.184,0.307,0.134,0.372,0.369,0.623,0.889,0.912,0.073,0.2673333333333333,0.6589999999999999,0.738,0.0343333333333333,0.2276666666666666,0.699,0.0146666666666666,0.2916666666666667,0.0476666666666666,0.1356666666666666,0.8079999999999999,PRVFKLFRALGLRHL
CTSA-RRL15,0.0,0.085,0.0,0.492,0.368,0.5015000000000001,0.508,0.547,0.4985,0.018,0.06,0.056,0.044,0.205,0.05,0.433,0.231,0.316,0.013,0.077,0.088,0.253,0.109,0.164,0.417,0.078,0.089,0.224,0.089,0.16,0.412,0.048,0.036,0.715,0.831,0.789,0.533,0.718,0.852,0.34,0.679,0.54,0.562,0.874,0.899,0.0446666666666666,0.1753333333333333,0.7783333333333333,0.0996666666666666,0.1946666666666666,0.701,0.3266666666666666,0.1576666666666666,0.5196666666666667,0.0593333333333333,0.1653333333333333,0.7783333333333333,RRLYRSMNSQYLKLL
"EEF2,ENO1-KLI10",0.047,0.125,0.111,0.45,0.463,0.408,0.503,0.412,0.481,0.071,0.087,0.152,0.626,0.387,0.372,0.56,0.569,0.277,0.153,0.173,0.173,0.283,0.081,0.062,0.165,0.02,0.166,0.145,0.0,0.164,0.324,0.035,0.008,0.649,0.834,0.793,0.204,0.594,0.46,0.308,0.431,0.579,0.52,0.792,0.847,0.1033333333333333,0.142,0.7586666666666667,0.4616666666666666,0.1169999999999999,0.4193333333333333,0.4686666666666667,0.103,0.4393333333333333,0.1663333333333333,0.1223333333333333,0.7196666666666666,KLIEKLDIKL
EPO-LFR15,0.0,0.118,0.075,0.507,0.389,0.4595,0.493,0.493,0.4655,0.042,0.048,0.073,0.412,0.355,0.356,0.465,0.397,0.377,0.009,0.059,0.0,0.366,0.322,0.251,0.118,0.172,0.15,0.079,0.1,0.111,0.34,0.106,0.108,0.577,0.629,0.66,0.467,0.474,0.502,0.455,0.503,0.52,0.645,0.835,0.883,0.0543333333333333,0.313,0.622,0.3743333333333332,0.1466666666666666,0.481,0.413,0.0966666666666666,0.4926666666666666,0.0226666666666666,0.1846666666666666,0.7876666666666666,LFRVYSNFLRGKLKL
ESYT1-IIR15,0.01,0.267,0.06,0.458,0.206,0.511,0.532,0.527,0.429,0.165,0.177,0.183,0.5,0.388,0.466,0.785,0.752,0.362,0.049,0.154,0.126,0.259,0.045,0.049,0.209,0.153,0.11,0.077,0.004,0.026,0.295,0.04,0.022,0.571,0.778,0.774,0.292,0.46,0.42,0.129,0.244,0.621,0.642,0.807,0.857,0.1749999999999999,0.1176666666666666,0.7076666666666668,0.4513333333333333,0.1573333333333333,0.3906666666666666,0.633,0.0356666666666666,0.3313333333333333,0.1096666666666666,0.119,0.7686666666666667,IIRIHLLAARGLSSK
FAM96B-TLI11,0.04,0.181,0.108,0.44,0.286,0.407,0.52,0.533,0.485,0.074,0.103,0.168,0.534,0.344,0.754,0.689,0.461,0.429,0.061,0.153,0.189,0.272,0.121,0.064,0.196,0.248,0.018,0.123,0.005,0.155,0.299,0.016,0.002,0.641,0.775,0.774,0.271,0.408,0.273,0.184,0.534,0.462,0.627,0.831,0.845,0.1149999999999999,0.1523333333333333,0.73,0.544,0.154,0.3173333333333333,0.5263333333333333,0.0943333333333333,0.3933333333333333,0.1343333333333333,0.1056666666666666,0.7676666666666666,TLIGLSIKVKL
FARP1-KRK9,0.0,0.025,0.021,0.489,0.426,0.5105,0.511,0.549,0.4685,0.027,0.048,0.096,0.015,0.042,0.016,0.157,0.069,0.139,0.028,0.055,0.019,0.401,0.304,0.228,0.252,0.292,0.297,0.261,0.273,0.251,0.378,0.212,0.209,0.565,0.648,0.628,0.723,0.666,0.696,0.583,0.658,0.6,0.586,0.733,0.775,0.0569999999999999,0.311,0.6136666666666667,0.0243333333333333,0.2803333333333333,0.695,0.1216666666666666,0.2616666666666666,0.6136666666666667,0.034,0.2663333333333333,0.698,KRKRFLIKL
FGB-IRV15,0.104,0.584,0.228,0.413,0.042,0.302,0.483,0.374,0.47,0.453,0.422,0.397,0.879,0.952,,0.794,0.974,0.816,0.412,0.224,0.28,0.115,0.02,-0.016,0.034,0.004,,0.078,0.018,-0.033,0.223,0.048,-0.01,0.429,0.558,0.612,0.075,0.044,,0.129,0.007,0.231,0.37,0.727,0.773,0.424,0.0396666666666666,0.533,0.9155,0.019,0.0595,0.8613333333333334,0.021,0.1223333333333333,0.3053333333333333,0.087,0.6233333333333334,IRVLRSILENLRSKI
GCN1-LRS11,0.023,0.128,0.112,0.448,0.324,0.3565,0.529,0.548,0.5315,0.067,0.078,0.117,0.535,0.49,0.43,0.542,0.435,0.437,0.069,0.07,0.174,0.299,0.223,0.192,0.151,0.013,0.045,0.151,0.021,0.024,0.304,0.0,0.015,0.627,0.698,0.692,0.312,0.496,0.53,0.296,0.545,0.563,0.617,0.93,0.817,0.0873333333333333,0.238,0.6723333333333333,0.4849999999999999,0.0696666666666666,0.446,0.4713333333333334,0.0653333333333333,0.4679999999999999,0.1043333333333333,0.1063333333333333,0.7879999999999999,LRSLVSGLIRL
LAMP1-KAF16,0.028,0.124,0.102,0.463,0.397,0.4619999999999999,0.509,0.479,0.436,0.189,0.172,0.175,0.758,0.665,0.678,0.596,0.491,0.517,0.059,0.047,0.109,0.268,0.166,0.2,0.061,0.035,0.028,0.121,0.049,0.043,0.301,0.103,0.162,0.547,0.662,0.631,0.181,0.3,0.392,0.286,0.459,0.425,0.635,0.85,0.736,0.1786666666666666,0.2113333333333333,0.6133333333333334,0.7003333333333334,0.0413333333333333,0.291,0.5346666666666667,0.071,0.3899999999999999,0.0716666666666666,0.1886666666666666,0.7403333333333334,KAFSVNIFKVWVQAFK
LRRTM4-RKL14,0.0,0.269,0.057,0.472,0.237,0.484,0.528,0.494,0.459,0.053,0.056,0.115,0.563,0.398,0.565,0.743,0.672,0.56,0.058,0.053,0.118,0.326,0.186,0.216,0.14,0.139,0.072,0.072,0.002,-0.012,0.311,0.009,0.06,0.619,0.757,0.673,0.287,0.463,0.363,0.189,0.326,0.603,0.627,0.939,0.826,0.0746666666666666,0.2426666666666666,0.6829999999999999,0.5086666666666666,0.117,0.371,0.6583333333333333,0.0206666666666666,0.3726666666666666,0.0763333333333333,0.1266666666666666,0.7973333333333333,RKLIILHLRSNSLK
MARCKSL1-KKK21,0.0,0.09,0.0,0.506,0.386,0.487,0.494,0.524,0.513,0.063,0.07,0.051,0.409,0.354,0.234,0.598,0.528,0.468,0.028,0.064,-0.037,0.391,0.222,0.277,0.247,0.047,0.163,0.11,0.021,0.008,0.396,0.074,0.119,0.538,0.709,0.676,0.336,0.599,0.592,0.286,0.451,0.483,0.561,0.863,0.907,0.0613333333333333,0.2966666666666667,0.641,0.3323333333333333,0.1523333333333333,0.509,0.5313333333333333,0.0463333333333333,0.4066666666666667,0.0183333333333333,0.1963333333333333,0.777,KKKFSFKKPFKLSGLSFKRNR
MFSD14B-RQV14,0.0,0.104,0.017,0.484,0.397,0.515,0.516,0.499,0.4679999999999999,0.064,0.068,0.086,0.407,0.391,0.453,0.481,0.41,0.398,0.058,0.073,0.055,0.365,0.297,0.188,0.303,0.219,0.227,0.146,0.032,0.011,0.348,0.15,0.144,0.561,0.635,0.709,0.293,0.39,0.308,0.371,0.558,0.594,0.599,0.778,0.777,0.0726666666666666,0.2833333333333332,0.6350000000000001,0.417,0.2496666666666666,0.3303333333333333,0.4296666666666667,0.063,0.5076666666666667,0.062,0.214,0.718,RQVIGFGSVKIAAF
Mitochondrin-1,0.036,0.087,0.1465,0.442,0.365,0.508,0.522,0.548,0.3455,0.2,0.199,0.157,0.51,0.0,0.796,0.601,0.63,0.401,0.385,0.45,0.141,0.227,0.113,0.174,0.345,0.236,0.013,0.12,0.127,0.059,0.243,0.0,-0.008,0.57,0.688,0.642,0.183,0.764,0.225,0.27,0.243,0.504,0.37,0.55,0.903,0.1853333333333333,0.1713333333333333,0.6333333333333333,0.4353333333333333,0.1979999999999999,0.3906666666666667,0.5439999999999999,0.102,0.3389999999999999,0.3253333333333333,0.0783333333333333,0.6076666666666667,MIIKIKAKFITLF
Mitochondrin-10,0.282,0.78,0.118,0.179,0.22,0.306,0.539,0.0,0.5760000000000001,0.559,0.791,0.838,0.66,0.675,0.608,0.467,1.0,0.814,0.519,0.583,0.376,0.19,0.061,-0.02,0.165,0.169,-0.035,0.21,0.0,0.003,0.164,0.062,-0.039,0.256,0.149,0.221,0.173,0.156,0.513,0.331,0.0,0.223,0.31,0.355,0.705,0.7293333333333334,0.077,0.2086666666666666,0.6476666666666667,0.0996666666666666,0.2806666666666667,0.7603333333333334,0.071,0.1846666666666666,0.4926666666666666,0.0623333333333333,0.4566666666666667,MLGVRRRWLGLRRLQGGSSSLLKEGRLFNLFLLRPPL
Mitochondrin-11,0.034,0.156,0.1545,0.452,0.249,0.3645,0.514,0.595,0.481,0.074,0.159,0.16,0.695,0.802,0.885,0.676,0.653,0.462,0.242,0.556,0.163,0.312,0.053,0.034,0.137,0.0,-0.042,0.105,0.085,0.027,0.32,0.0,-0.014,0.609,0.789,0.808,0.167,0.199,0.188,0.212,0.262,0.529,0.435,0.444,0.887,0.131,0.133,0.7353333333333335,0.7939999999999999,0.0316666666666666,0.1846666666666666,0.5970000000000001,0.0723333333333333,0.3343333333333333,0.3203333333333333,0.102,0.5886666666666667,MLKLRRFVGRLV
Mitochondrin-12,0.046,0.718,0.0535,0.395,0.282,0.5125,0.559,0.0,0.434,0.417,0.532,0.303,0.384,0.203,0.289,0.518,0.694,0.36,0.063,0.195,0.161,0.223,0.19,-0.012,0.245,0.17,0.195,0.165,0.0,0.108,0.296,0.06,0.005,0.365,0.278,0.755,0.37,0.627,0.537,0.318,0.307,0.577,0.64,0.745,0.862,0.4173333333333333,0.1336666666666666,0.466,0.292,0.2033333333333333,0.5113333333333333,0.524,0.091,0.4006666666666666,0.1396666666666667,0.1203333333333333,0.749,MLLIWLKNSRGMML
Mitochondrin-13,0.012,0.237,0.0,0.448,0.257,0.535,0.54,0.506,0.4649999999999999,0.08,0.166,0.187,0.022,0.039,0.109,0.564,0.571,0.342,0.012,0.067,0.064,0.368,0.17,0.284,0.439,0.466,0.568,0.195,0.032,0.112,0.35,0.258,0.233,0.546,0.663,0.57,0.529,0.494,0.296,0.241,0.397,0.551,0.631,0.675,0.682,0.1443333333333333,0.274,0.593,0.0566666666666666,0.4909999999999999,0.4396666666666667,0.4923333333333333,0.113,0.3963333333333333,0.0476666666666666,0.2803333333333333,0.6626666666666666,MRLVRIPLRQGRRGFGWSLLVWR
Mitochondrin-14,0.04,0.341,0.0395,0.461,0.216,0.5145,0.499,0.443,0.446,0.217,0.175,0.288,0.554,0.509,0.567,0.839,0.962,0.702,0.203,0.201,0.159,0.22,0.065,0.054,0.213,0.141,0.004,0.072,0.01,-0.04,0.316,0.11,0.0,0.559,0.76,0.671,0.225,0.351,0.468,0.091,0.028,0.395,0.479,0.69,0.867,0.2266666666666666,0.113,0.6633333333333333,0.5433333333333333,0.1193333333333333,0.348,0.8343333333333334,0.0139999999999999,0.1713333333333333,0.1876666666666666,0.142,0.6786666666666666,MPHRVMIVKVGISVVSKKI
Mitochondrin-15,0.0,0.232,0.09,0.492,0.199,0.4614999999999999,0.508,0.569,0.4485,0.018,0.064,0.054,0.587,0.645,0.919,0.672,0.622,0.601,-0.019,0.076,0.027,0.328,0.256,0.223,0.205,0.008,-0.002,0.107,0.09,0.089,0.277,0.088,0.155,0.65,0.68,0.719,0.212,0.347,0.128,0.217,0.289,0.333,0.71,0.838,0.812,0.0453333333333333,0.269,0.6829999999999999,0.717,0.0703333333333333,0.2289999999999999,0.6316666666666667,0.0953333333333333,0.2796666666666667,0.0279999999999999,0.1733333333333333,0.7866666666666667,MLKMAVYRLSKRW
Mitochondrin-16,0.005,0.174,0.0455,0.474,0.333,0.5935,0.521,0.493,0.361,0.065,0.118,0.148,0.542,0.664,0.84,0.588,0.436,0.36,0.051,0.175,0.15,0.257,0.19,0.108,0.249,0.016,0.081,0.144,0.019,0.183,0.311,0.033,0.012,0.663,0.691,0.756,0.21,0.32,0.099,0.265,0.545,0.501,0.62,0.793,0.872,0.1103333333333333,0.185,0.7033333333333335,0.6819999999999999,0.1153333333333333,0.2096666666666666,0.4613333333333333,0.1153333333333333,0.437,0.1253333333333333,0.1186666666666666,0.7616666666666667,MIAKVGISVVSKKI
Mitochondrin-18,0.075,0.271,0.0525,0.429,0.213,0.453,0.496,0.516,0.4945,0.498,0.366,0.321,0.558,0.47,0.757,0.747,0.895,0.765,0.246,0.025,0.263,0.175,0.053,0.209,0.225,0.108,0.036,0.114,0.015,-0.001,0.321,0.062,0.17,0.333,0.581,0.517,0.221,0.421,0.367,0.14,0.089,0.266,0.433,0.914,0.609,0.395,0.1456666666666666,0.477,0.5950000000000001,0.123,0.3363333333333333,0.8023333333333333,0.0426666666666666,0.165,0.178,0.1843333333333333,0.652,MRLVRTPLRQGRRGLGWSLLVWR
Mitochondrin-19,0.014,0.211,0.0555,0.452,0.478,0.4365,0.534,0.311,0.508,0.461,0.567,0.327,0.425,0.372,0.33,0.54,0.987,0.43,0.023,0.068,0.062,0.21,0.191,0.0,0.216,0.227,0.166,0.196,0.013,-0.015,0.261,0.138,0.18,0.322,0.243,0.7,0.36,0.4,0.492,0.265,0.0,0.572,0.713,0.793,0.753,0.4516666666666666,0.1336666666666666,0.4216666666666666,0.3756666666666666,0.2029999999999999,0.4173333333333333,0.6523333333333333,0.0646666666666666,0.2789999999999999,0.051,0.1929999999999999,0.753,MRPLIRGWLWLGL
Mitochondrin-2,0.049,0.135,0.347,0.428,0.319,0.2825,0.523,0.546,0.3705,0.177,0.226,0.23,0.822,0.976,0.805,0.642,0.445,0.483,0.216,0.235,0.196,0.287,0.16,0.011,0.07,0.018,-0.04,0.11,0.007,-0.007,0.321,0.039,0.003,0.538,0.614,0.789,0.1,0.006,0.257,0.249,0.549,0.569,0.467,0.727,0.819,0.211,0.1526666666666666,0.6470000000000001,0.8676666666666667,0.016,0.121,0.5233333333333333,0.0366666666666666,0.4556666666666666,0.2156666666666666,0.121,0.6709999999999999,MLSKLVNWKLTVL
Mitochondrin-20,0.221,0.871,0.1625,0.294,0.129,0.397,0.485,0.0,0.4405,0.768,0.684,0.375,0.599,0.759,0.627,0.484,0.985,0.811,0.47,0.486,0.188,0.092,0.039,0.126,0.2,0.047,-0.017,0.208,0.0,0.006,0.174,0.032,0.278,0.128,0.277,0.71,0.211,0.193,0.432,0.315,0.016,0.228,0.355,0.482,0.702,0.609,0.0856666666666666,0.3716666666666666,0.6616666666666667,0.0766666666666666,0.2786666666666667,0.7599999999999999,0.0713333333333333,0.1863333333333333,0.3813333333333333,0.1613333333333333,0.513,VIIISSKARRVLIIKIKAKFITLL
Mitochondrin-21,0.174,1.0,0.15,0.32,0.0,0.402,0.506,0.0,0.4479999999999999,0.749,0.593,0.379,0.485,0.584,0.848,0.698,0.984,0.818,0.41,0.447,0.167,0.092,0.012,0.161,0.231,0.039,0.026,0.13,0.013,-0.003,0.239,0.014,-0.028,0.154,0.396,0.626,0.287,0.378,0.294,0.176,0.003,0.218,0.352,0.539,0.948,0.5736666666666667,0.0883333333333333,0.392,0.6389999999999999,0.0986666666666666,0.3196666666666667,0.8333333333333334,0.0466666666666666,0.1323333333333333,0.3413333333333333,0.075,0.613,VIIISSKARRVLIIKIKAKFI
Mitochondrin-22,0.091,0.71,0.2835,0.447,0.29,0.373,0.462,0.0,0.3435,0.529,0.32,0.441,0.549,0.588,0.796,0.373,0.0,0.804,0.474,0.093,0.745,0.223,0.259,0.045,0.253,0.103,0.01,0.309,0.203,0.011,0.247,0.127,0.046,0.261,0.421,0.544,0.192,0.31,0.218,0.334,0.797,0.234,0.278,0.781,0.381,0.43,0.1756666666666666,0.4086666666666667,0.6443333333333333,0.122,0.24,0.3923333333333333,0.1743333333333333,0.455,0.4373333333333333,0.1399999999999999,0.48,VIIISSKARRVLIIKI
Mitochondrin-23,0.655,0.831,0.147,0.297,0.169,0.5665,0.048,0.0,0.2865,0.6,0.839,0.754,0.391,0.513,0.812,,1.0,0.809,0.53,0.485,0.295,0.154,0.021,0.018,0.283,0.199,0.01,,0.0,0.004,0.137,0.0,0.199,0.24,0.14,0.371,0.334,0.288,0.223,,0.0,0.209,0.334,0.516,0.67,0.731,0.0643333333333333,0.2503333333333333,0.5720000000000001,0.164,0.2816666666666667,0.9045,0.002,0.1045,0.4366666666666667,0.112,0.5066666666666667,VIIISSKARRVLIIKIKAKF
Mitochondrin-24,0.114,0.487,0.176,0.412,0.008,0.4145,0.474,0.505,0.4095,0.669,0.432,0.464,0.495,0.54,0.79,0.79,0.993,0.816,0.432,0.206,0.258,0.08,0.054,0.135,0.248,0.154,0.038,0.11,0.007,-0.008,0.27,0.055,0.04,0.249,0.514,0.419,0.261,0.305,0.314,0.097,0.0,0.221,0.303,0.738,0.726,0.5216666666666666,0.0896666666666666,0.3939999999999999,0.6083333333333334,0.1466666666666666,0.2933333333333334,0.8663333333333333,0.0363333333333333,0.106,0.2986666666666667,0.1216666666666666,0.589,VIIISSKARRVLIIKIKAKFIT
Mitochondrin-25,0.52,0.828,0.3165,0.151,0.172,0.469,0.329,0.0,0.2145,0.497,0.014,0.811,0.436,0.15,0.757,0.346,0.493,0.806,0.396,0.187,0.772,0.259,0.214,-0.133,0.249,0.171,0.017,0.332,0.02,0.004,0.279,0.241,0.027,0.248,0.771,0.388,0.322,0.677,0.271,0.344,0.487,0.213,0.339,0.571,0.348,0.4406666666666667,0.1133333333333333,0.469,0.4476666666666666,0.1456666666666667,0.4233333333333333,0.5483333333333333,0.1186666666666666,0.348,0.4516666666666666,0.1823333333333333,0.4193333333333333,VIIISSKARRVLIIKIKA
Mitochondrin-26,0.171,0.797,0.1535,0.325,0.203,0.403,0.504,0.0,0.4435,0.699,0.71,0.333,0.612,0.76,0.781,,0.0,0.806,0.501,0.459,,0.135,0.089,0.068,0.166,0.046,-0.004,,0.4,0.006,0.193,0.0,,0.161,0.201,0.589,0.225,0.193,0.217,,0.599,0.212,0.296,0.542,,0.5806666666666666,0.0973333333333333,0.317,0.7176666666666667,0.0693333333333333,0.2116666666666666,0.403,0.203,0.4054999999999999,0.48,0.0965,0.419,VIIISSKARRVLIIKIKAKFITLF
Mitochondrin-27,0.0,0.009,0.0015,0.489,0.51,0.542,0.511,0.481,0.4565,0.159,0.073,0.146,0.245,0.235,0.255,0.395,0.375,0.333,0.023,0.039,0.066,0.247,0.234,0.228,0.237,0.247,0.212,0.175,0.205,0.182,0.396,0.376,0.198,0.593,0.691,0.629,0.528,0.518,0.545,0.426,0.42,0.484,0.574,0.586,0.582,0.126,0.2363333333333333,0.6376666666666666,0.245,0.2319999999999999,0.5303333333333334,0.3676666666666666,0.1873333333333333,0.4433333333333333,0.0426666666666666,0.3233333333333333,0.5806666666666667,VIIISSKARRVLVIKIKAKFITLF
Mitochondrin-28,0.003,0.202,0.241,0.578,0.619,0.407,0.419,0.179,0.352,0.204,0.207,0.235,0.772,0.82,0.66,0.491,0.518,0.299,0.374,0.467,0.141,0.291,0.021,0.009,0.074,0.015,-0.021,0.163,0.0,0.13,0.253,0.015,-0.003,0.496,0.771,0.792,0.151,0.165,0.424,0.34,0.483,0.707,0.375,0.518,0.89,0.2153333333333333,0.107,0.6863333333333334,0.7506666666666667,0.0226666666666666,0.2466666666666666,0.4359999999999999,0.0976666666666666,0.5099999999999999,0.3273333333333333,0.0883333333333333,0.5943333333333333,MLKVIKKLL
Mitochondrin-29,0.003,0.445,0.033,0.511,0.493,0.488,0.486,0.062,0.479,0.192,0.198,0.18,0.425,0.385,0.39,0.548,0.991,0.806,0.05,0.065,0.039,0.244,0.229,0.253,0.149,0.171,0.164,0.176,0.0,0.013,0.343,0.14,0.168,0.554,0.572,0.556,0.427,0.445,0.444,0.29,0.009,0.229,0.593,0.797,0.786,0.19,0.242,0.5606666666666666,0.4000000000000001,0.1613333333333333,0.4386666666666667,0.7816666666666667,0.063,0.176,0.0513333333333333,0.217,0.7253333333333334,VIIISSRARRVLIIKIKAKFITLF
Mitochondrin-3,0.281,1.0,0.0,0.181,0.0,1.0,0.538,0.0,0.0,0.842,0.831,0.836,0.443,0.699,0.809,0.717,0.956,0.883,0.444,0.739,0.814,0.034,0.002,-0.032,0.292,0.204,0.006,0.099,0.012,-0.037,0.29,0.146,0.01,0.117,0.167,0.225,0.277,0.097,0.202,0.172,0.032,0.197,0.274,0.115,0.201,0.8363333333333333,0.0013333333333333,0.1696666666666666,0.6503333333333333,0.1673333333333333,0.192,0.852,0.0246666666666666,0.1336666666666666,0.6656666666666666,0.1486666666666666,0.1966666666666666,MVSGVLALALLAKL
Mitochondrin-30,0.108,0.233,0.0854999999999999,0.372,0.211,0.4915,0.52,0.556,0.423,0.494,0.431,0.295,0.517,0.0,0.797,0.647,0.685,0.579,0.4,0.223,0.158,0.163,0.0,-0.007,0.259,0.216,0.011,0.099,0.035,-0.056,0.236,0.124,-0.013,0.339,0.57,0.745,0.241,0.784,0.223,0.248,0.28,0.622,0.366,0.653,0.903,0.4066666666666667,0.052,0.5513333333333333,0.438,0.162,0.416,0.637,0.026,0.3833333333333333,0.2603333333333333,0.1156666666666666,0.6406666666666667,MIIKIKAKFITLF
Mitochondrin-31,0.01,0.09,0.1625,0.464,0.388,0.3219999999999999,0.526,0.522,0.5155000000000001,0.053,0.062,0.094,0.827,0.759,0.332,0.439,0.404,0.334,0.058,0.163,0.155,0.273,0.31,0.219,0.069,0.029,0.034,0.167,0.029,0.062,0.243,0.084,0.054,0.669,0.628,0.702,0.097,0.212,0.653,0.395,0.568,0.593,0.679,0.752,0.824,0.0696666666666666,0.2673333333333333,0.6663333333333333,0.6393333333333333,0.044,0.3206666666666666,0.3923333333333333,0.086,0.5186666666666667,0.1253333333333333,0.127,0.7516666666666666,MLSKLVNWKLTVL
Mitochondrin-32,0.128,0.385,0.0835,0.401,0.192,0.4265,0.471,0.423,0.49,0.817,0.623,0.687,0.806,0.889,0.828,0.83,0.997,0.864,0.154,0.202,0.16,0.05,0.027,-0.022,0.085,0.007,-0.023,0.072,0.002,-0.09,0.275,0.063,-0.028,0.136,0.35,0.394,0.101,0.104,0.214,0.095,0.002,0.39,0.557,0.734,0.895,0.709,0.0183333333333333,0.2933333333333333,0.8410000000000001,0.023,0.1396666666666667,0.8969999999999999,-0.0053333333333333,0.1623333333333333,0.172,0.1033333333333333,0.7286666666666667,LIGGWGLGWSGKRLRKILRRKKLLR
Mitochondrin-33,0.006,0.818,0.0235,0.523,0.182,0.5045,0.471,0.0,0.472,0.085,0.157,0.133,0.361,0.33,0.321,0.672,1.0,0.804,0.024,0.052,0.086,0.329,0.319,0.393,0.21,0.213,0.185,0.145,0.0,0.01,0.385,0.341,0.213,0.579,0.524,0.498,0.43,0.457,0.494,0.18,0.0,0.33,0.58,0.608,0.64,0.125,0.347,0.5336666666666666,0.3373333333333333,0.2026666666666666,0.4603333333333333,0.8253333333333334,0.0516666666666666,0.17,0.0539999999999999,0.313,0.6093333333333333,SLSLMLILIRGLSKRLG
Mitochondrin-34,0.189,1.0,0.344,0.37,0.0,0.2245,0.441,0.0,0.4315,0.76,0.586,0.56,0.78,0.985,0.901,0.798,0.997,0.976,0.497,0.187,,0.086,0.033,0.06,0.099,0.015,0.001,0.086,0.003,-0.111,0.257,0.024,,0.154,0.381,0.417,0.088,0.0,0.337,0.119,0.0,0.263,0.251,0.789,,0.6353333333333334,0.0596666666666666,0.3173333333333333,0.8886666666666668,0.0383333333333333,0.1416666666666667,0.9236666666666666,-0.0073333333333333,0.1273333333333333,0.3419999999999999,0.1405,0.52,SLSLTLTLIRGLSKRLG
Mitochondrin-35,0.101,0.426,0.087,0.408,0.574,0.4545,0.491,0.0,0.4585,0.582,0.331,,0.528,0.411,,0.377,0.041,0.801,0.241,0.425,0.172,0.225,0.107,,0.238,0.124,,0.299,0.333,0.012,0.268,0.226,-0.011,0.173,0.562,,0.245,0.465,,0.341,0.626,0.232,0.491,0.35,0.829,0.4565,0.166,0.3675,0.4695,0.181,0.355,0.4063333333333334,0.2146666666666666,0.3996666666666666,0.2793333333333332,0.161,0.5566666666666666,VIIISSKARRVLIIK
Mitochondrin-36,0.127,0.816,0.2329999999999999,0.418,0.184,0.392,0.455,0.0,0.375,0.62,0.566,0.635,0.516,0.881,0.802,0.389,1.0,0.812,0.586,0.309,0.478,0.135,0.047,0.03,0.218,0.073,0.004,0.295,0.0,0.005,0.162,0.045,0.141,0.247,0.387,0.469,0.273,0.045,0.208,0.338,0.0,0.221,0.246,0.647,0.434,0.607,0.0706666666666666,0.3676666666666666,0.733,0.0983333333333333,0.1753333333333333,0.7336666666666667,0.0999999999999999,0.1863333333333333,0.4576666666666666,0.1159999999999999,0.4423333333333333,VITISSKARRVLIIKIKAKFITLF
Mitochondrin-37,0.181,0.438,0.146,0.371,0.141,0.3465,0.448,0.421,0.5075000000000001,0.827,0.645,0.643,0.758,0.848,0.774,0.829,0.993,0.807,0.214,0.402,0.138,0.038,0.016,0.028,0.104,0.015,-0.014,0.06,0.006,-0.017,0.301,0.0,-0.019,0.129,0.339,0.416,0.142,0.136,0.27,0.097,0.0,0.216,0.486,0.597,0.895,0.7050000000000001,0.0273333333333333,0.2946666666666667,0.7933333333333333,0.0349999999999999,0.1826666666666666,0.8763333333333333,0.0163333333333333,0.1043333333333333,0.2513333333333333,0.0939999999999999,0.6593333333333333,GQGLGWSGKRLRKILRRKKLLR
Mitochondrin-38,0.003,0.301,0.0515,0.508,0.27,0.4625,0.489,0.429,0.486,0.239,0.248,0.256,0.704,0.603,0.617,0.798,0.98,0.866,0.033,0.049,0.093,0.248,0.255,0.221,0.071,0.032,0.013,0.084,0.013,-0.088,0.302,0.323,0.227,0.515,0.497,0.518,0.22,0.365,0.362,0.113,0.007,0.393,0.659,0.628,0.679,0.2476666666666666,0.2413333333333333,0.51,0.6413333333333333,0.0386666666666666,0.3156666666666666,0.8813333333333334,0.003,0.171,0.0583333333333333,0.284,0.6553333333333333,LVEGWELGWSGKRLRKILRRKKLLR
Mitochondrin-39,0.067,0.293,0.0499999999999999,0.42,0.187,0.4075,0.513,0.52,0.5425,0.36,0.331,0.31,0.455,0.405,0.361,0.817,0.821,0.733,0.055,0.165,0.109,0.17,0.244,0.173,0.2,0.157,0.11,0.096,0.005,-0.015,0.329,0.053,0.088,0.473,0.424,0.525,0.341,0.438,0.53,0.086,0.175,0.301,0.602,0.783,0.786,0.3336666666666667,0.1956666666666666,0.474,0.407,0.1556666666666666,0.4363333333333334,0.7903333333333333,0.0286666666666666,0.1873333333333333,0.1096666666666666,0.1566666666666666,0.7236666666666668,MLGVRRRWLSLRR
Mitochondrin-4,0.0,0.0,0.0325,0.517,0.561,0.4345,0.483,0.439,0.533,0.015,0.074,0.056,0.227,0.245,0.231,-0.003,0.076,0.064,0.014,0.069,0.077,0.309,0.205,0.221,0.279,0.26,0.264,0.306,0.166,0.194,0.27,0.042,0.092,0.667,0.721,0.706,0.492,0.494,0.529,0.675,0.758,0.763,0.71,0.889,0.835,0.0483333333333333,0.245,0.698,0.2343333333333333,0.2676666666666666,0.505,0.0456666666666666,0.2219999999999999,0.7320000000000001,0.0533333333333333,0.1346666666666666,0.8113333333333334,MLSKLVNWKL
Mitochondrin-40,0.016,0.1,0.1139999999999999,0.467,0.361,0.349,0.517,0.539,0.5369999999999999,0.053,0.063,0.089,0.782,0.703,0.623,0.421,0.43,0.309,0.042,0.078,0.122,0.293,0.213,0.224,0.054,0.02,0.012,0.191,0.029,0.107,0.28,0.015,0.035,0.654,0.724,0.687,0.161,0.277,0.383,0.389,0.542,0.594,0.674,0.908,0.862,0.0683333333333333,0.2433333333333333,0.6883333333333335,0.7026666666666666,0.0286666666666666,0.2736666666666666,0.3866666666666666,0.109,0.5083333333333333,0.0806666666666666,0.11,0.8146666666666667,MLSKLVNWKLTV
Mitochondrin-41,0.052,0.051,0.0665,0.435,0.428,0.431,0.513,0.521,0.5025000000000001,0.056,0.066,0.114,0.421,0.427,0.262,0.073,0.153,0.141,0.168,0.191,0.129,0.309,0.371,0.19,0.243,0.161,0.085,0.286,0.097,0.105,0.345,0.054,-0.002,0.63,0.563,0.703,0.331,0.411,0.665,0.634,0.751,0.768,0.484,0.755,0.903,0.0786666666666666,0.29,0.632,0.3699999999999999,0.163,0.469,0.1223333333333333,0.1626666666666666,0.7176666666666667,0.1626666666666666,0.1323333333333333,0.714,MRPLIRGWPRLGL
Mitochondrin-42,0.069,0.048,0.1075,0.402,0.403,0.3735,0.529,0.549,0.519,0.198,0.162,0.256,0.511,0.292,0.618,0.424,0.179,0.271,0.198,0.183,0.24,0.284,0.075,0.023,0.218,0.21,0.071,0.22,0.036,0.14,0.284,0.06,0.001,0.513,0.764,0.729,0.287,0.497,0.345,0.352,0.783,0.602,0.513,0.757,0.791,0.2053333333333333,0.1273333333333333,0.6686666666666667,0.4736666666666666,0.1663333333333333,0.3763333333333333,0.2913333333333333,0.132,0.5790000000000001,0.207,0.1149999999999999,0.6869999999999999,MMVRVIRGALVL
Mitochondrin-43,0.96,1.0,0.5725,0.04,0.0,0.258,0.0,0.0,0.1695,0.646,0.984,0.842,0.784,0.992,0.934,0.538,0.976,0.821,0.478,0.181,0.275,0.143,0.016,0.024,0.088,0.009,-0.028,0.193,0.0,0.0,0.247,0.226,0.169,0.222,0.0,0.307,0.121,0.0,0.273,0.269,0.024,0.218,0.278,0.592,0.707,0.824,0.0609999999999999,0.1763333333333333,0.9033333333333332,0.0229999999999999,0.1313333333333333,0.7783333333333333,0.0643333333333333,0.1703333333333333,0.3113333333333333,0.214,0.5256666666666666,SLSLMLTLIRGLSKRLG
Mitochondrin-44,0.0,0.0,0.0545,0.487,0.503,0.396,0.513,0.497,0.5495,0.033,0.063,0.077,0.501,0.432,0.381,0.032,0.07,0.093,0.048,0.053,0.097,0.352,0.296,0.257,0.15,0.105,0.118,0.358,0.327,0.3,0.284,0.09,0.108,0.606,0.641,0.636,0.343,0.463,0.471,0.6,0.603,0.581,0.667,0.856,0.797,0.0576666666666666,0.3016666666666666,0.6276666666666667,0.438,0.1243333333333333,0.4256666666666667,0.065,0.3283333333333333,0.5946666666666666,0.066,0.1606666666666666,0.7733333333333334,MLKLRRFVGRLV
Mitochondrin-45,0.017,0.284,0.1345,0.459,0.223,0.3555,0.524,0.493,0.51,0.191,0.194,0.205,0.589,0.46,0.502,0.773,0.757,0.348,0.247,0.201,0.215,0.202,0.141,0.137,0.148,0.015,0.024,0.116,0.0,0.052,0.296,0.111,0.025,0.61,0.664,0.68,0.262,0.524,0.537,0.106,0.243,0.733,0.458,0.687,0.766,0.1966666666666666,0.16,0.6513333333333334,0.517,0.0623333333333333,0.441,0.626,0.056,0.3606666666666666,0.221,0.144,0.637,GLGPLLLRRRQRLVWQ
Mitochondrin-46,0.041,0.719,0.0195,0.384,0.281,0.5255000000000001,0.575,0.0,0.4549999999999999,0.467,0.488,0.376,0.167,0.151,0.19,0.494,0.871,0.817,0.059,0.189,0.159,0.234,0.141,-0.015,0.265,0.255,0.334,0.207,0.129,-0.001,0.331,0.06,0.033,0.301,0.37,0.671,0.566,0.594,0.468,0.302,0.0,0.224,0.602,0.751,0.816,0.4436666666666666,0.12,0.4473333333333333,0.1693333333333333,0.2846666666666667,0.5426666666666666,0.7273333333333333,0.1116666666666666,0.1753333333333333,0.1356666666666666,0.1413333333333333,0.723,MLLIWLKNSRGMML
Mitochondrin-47,0.002,0.153,0.069,0.516,0.411,0.4475,0.482,0.436,0.4835,0.353,0.231,0.291,0.798,0.737,0.253,0.81,0.718,0.219,0.17,0.179,0.204,0.144,0.085,0.095,0.058,0.054,0.161,0.078,0.006,0.086,0.293,0.106,-0.011,0.499,0.683,0.611,0.141,0.208,0.725,0.097,0.276,0.725,0.536,0.715,0.846,0.2916666666666667,0.1079999999999999,0.5976666666666667,0.5960000000000001,0.091,0.3579999999999999,0.5823333333333334,0.0566666666666666,0.3659999999999999,0.1843333333333333,0.1293333333333333,0.699,RVVIAPKHSVRVWINGLFSARGWKRMSKKIPATT
Mitochondrin-48,0.001,0.088,0.031,0.489,0.369,0.4905,0.51,0.543,0.4785,0.067,0.185,0.127,0.404,0.677,0.241,0.468,0.466,0.295,0.244,0.394,0.126,0.305,0.05,0.132,0.238,0.069,0.007,0.207,0.074,-0.049,0.303,0.0,-0.021,0.625,0.765,0.764,0.356,0.254,0.767,0.327,0.459,0.832,0.453,0.606,0.931,0.1263333333333333,0.1623333333333333,0.718,0.4406666666666667,0.1046666666666666,0.459,0.4096666666666667,0.0773333333333333,0.5393333333333333,0.2546666666666666,0.0939999999999999,0.6633333333333333,MWSLPKRLPGWPSSARIRRLR
Mitochondrin-49,0.0,0.198,0.0315,0.498,0.313,0.55,0.502,0.489,0.4185,0.055,0.098,0.122,0.552,0.607,0.791,0.612,0.422,0.388,0.054,0.178,0.141,0.277,0.163,0.159,0.197,0.155,0.011,0.135,0.009,0.173,0.262,0.04,0.017,0.664,0.74,0.73,0.248,0.238,0.21,0.253,0.568,0.481,0.676,0.782,0.87,0.0916666666666666,0.1996666666666667,0.7113333333333333,0.65,0.121,0.2319999999999999,0.474,0.1056666666666666,0.434,0.1243333333333333,0.1063333333333333,0.7760000000000001,MIAKVGISVVSKKI
Mitochondrin-5,0.0,0.038,0.131,0.49,0.411,0.354,0.51,0.551,0.515,0.032,0.072,0.085,0.801,0.712,0.619,0.195,0.152,0.206,0.033,0.142,0.113,0.318,0.323,0.223,0.035,0.012,0.031,0.215,0.137,0.122,0.338,0.044,0.053,0.644,0.605,0.659,0.152,0.277,0.366,0.596,0.712,0.645,0.597,0.814,0.859,0.063,0.288,0.636,0.7106666666666666,0.026,0.265,0.1843333333333333,0.158,0.6509999999999999,0.0959999999999999,0.145,0.7566666666666667,MLSKLVNWKLTV
Mitochondrin-51,0.0,0.002,0.1625,0.449,0.459,0.3394999999999999,0.551,0.539,0.498,0.072,0.059,0.129,0.634,0.4,0.346,0.17,0.178,0.185,0.08,0.196,0.135,0.325,0.242,0.224,0.176,0.068,0.114,0.224,0.099,0.139,0.356,0.035,0.039,0.601,0.699,0.645,0.196,0.532,0.554,0.604,0.723,0.709,0.551,0.769,0.83,0.0866666666666666,0.2636666666666666,0.6483333333333333,0.4599999999999999,0.1193333333333333,0.4273333333333333,0.1776666666666666,0.154,0.6786666666666666,0.137,0.1433333333333333,0.7166666666666667,GVGRSMNKWLINF
Mitochondrin-6,0.042,0.068,0.069,0.443,0.406,0.425,0.515,0.526,0.506,0.061,0.164,0.125,0.401,0.446,0.23,0.153,0.156,0.171,0.196,0.199,0.155,0.3,0.078,0.144,0.232,0.141,0.085,0.31,0.047,0.042,0.29,0.056,-0.007,0.634,0.757,0.722,0.364,0.414,0.689,0.53,0.797,0.803,0.516,0.746,0.891,0.1166666666666666,0.174,0.7043333333333334,0.359,0.1526666666666666,0.489,0.16,0.1329999999999999,0.71,0.1833333333333333,0.1129999999999999,0.7176666666666667,MRPLIRGWPRLGL
Mitochondrin-9,0.055,0.072,0.1144999999999999,0.427,0.49,0.4584999999999999,0.518,0.438,0.427,0.175,0.123,,0.537,0.322,0.544,0.556,0.219,0.301,0.45,0.442,0.249,0.24,0.161,,0.18,0.21,0.093,0.184,0.042,0.169,0.205,0.0,-0.011,0.579,0.716,,0.269,0.468,0.36,0.257,0.739,0.427,0.343,0.557,0.828,0.149,0.2005,0.6475,0.4676666666666667,0.161,0.3656666666666666,0.3586666666666667,0.1316666666666666,0.4743333333333333,0.3803333333333333,0.0646666666666666,0.5760000000000001,MMVRVIRGALVL
NDC1-KRE14,0.035,0.344,0.215,0.418,0.16,0.308,0.547,0.496,0.477,0.239,0.203,0.23,0.834,0.941,1.033,0.81,0.9,0.711,0.075,0.176,0.129,0.259,0.036,0.036,0.059,0.001,-0.121,0.074,0.004,-0.034,0.328,0.022,0.023,0.508,0.761,0.738,0.096,0.058,0.226,0.107,0.095,0.363,0.594,0.803,0.848,0.224,0.1103333333333333,0.669,0.936,-0.0203333333333333,0.1266666666666666,0.8069999999999999,0.0146666666666666,0.1883333333333333,0.1266666666666666,0.1243333333333333,0.7483333333333334,KREQIKNFLSKRVL
NDC1-KRE16,0.006,0.26,0.1295,0.455,0.236,0.3874999999999999,0.539,0.504,0.483,0.202,0.183,0.204,0.798,0.681,0.625,0.841,0.812,0.683,0.07,0.16,0.157,0.203,0.175,0.158,0.046,0.003,0.061,0.05,0.007,-0.03,0.324,0.032,0.023,0.592,0.643,0.655,0.144,0.317,0.339,0.108,0.181,0.404,0.596,0.809,0.82,0.1963333333333333,0.1786666666666666,0.63,0.7013333333333334,0.0366666666666666,0.2666666666666666,0.7786666666666667,0.009,0.231,0.129,0.1263333333333333,0.7416666666666667,KREQIKNFLSKRVLIM
NDUFA5-RLQ11,0.0,0.0,0.02,0.521,0.484,0.4905,0.479,0.516,0.4895,0.014,0.044,0.076,0.045,0.052,,0.034,0.075,0.084,0.006,0.046,0.046,0.382,0.35,0.193,0.369,0.245,,0.331,0.314,0.278,0.323,0.284,0.249,0.584,0.607,0.677,0.588,0.703,,0.625,0.611,0.623,0.66,0.67,0.707,0.0446666666666666,0.3083333333333333,0.6226666666666666,0.0485,0.307,0.6455,0.0643333333333333,0.3076666666666667,0.6196666666666667,0.0326666666666666,0.2853333333333333,0.6789999999999999,RLQMRSWLWLK
NIPA2-GSF16,0.0,0.245,0.069,0.471,0.16,0.433,0.529,0.595,0.498,0.183,0.169,0.168,0.571,0.475,0.465,0.823,0.888,0.901,0.063,0.199,0.137,0.209,0.18,0.172,0.108,0.05,0.055,0.065,0.033,-0.104,0.319,0.046,-0.005,0.608,0.651,0.65,0.322,0.476,0.479,0.103,0.078,0.316,0.612,0.754,0.889,0.1733333333333333,0.1869999999999999,0.6363333333333333,0.5036666666666666,0.071,0.4256666666666667,0.8706666666666667,-0.0019999999999999,0.1656666666666666,0.133,0.12,0.7516666666666666,GSFILKKKGLLRLARK
ORAI1-SWR16,0.046,0.404,0.119,0.477,0.123,0.409,0.477,0.473,0.472,0.189,0.19,0.193,0.819,0.687,0.686,0.82,0.959,0.714,0.035,0.19,0.115,0.214,0.225,0.19,0.041,0.015,-0.001,0.095,0.012,-0.077,0.299,0.054,0.03,0.601,0.585,0.609,0.132,0.298,0.357,0.076,0.03,0.464,0.657,0.755,0.864,0.1906666666666666,0.2096666666666666,0.5983333333333333,0.7306666666666667,0.0183333333333333,0.2623333333333333,0.831,0.01,0.19,0.1133333333333333,0.1276666666666666,0.7586666666666666,SWRKLYLSRAKLKASS
PACD-EC-10,0.0,0.089,0.0559999999999999,0.536,0.402,0.438,0.464,0.509,0.506,0.069,0.154,0.162,0.61,0.816,0.46,0.58,0.414,0.291,0.074,0.061,0.199,0.265,0.067,0.123,0.127,0.019,0.076,0.193,0.0,0.172,0.334,0.006,0.12,0.662,0.778,0.747,0.27,0.165,0.483,0.23,0.585,0.577,0.58,0.932,0.661,0.1283333333333333,0.1516666666666666,0.729,0.6286666666666666,0.074,0.306,0.4283333333333333,0.1216666666666666,0.4639999999999999,0.1113333333333333,0.1533333333333333,0.7243333333333334,KLTVRKIKRWWAKIPKYPKPSV
PACD-EC-21,0.0,0.127,0.0305,0.53,0.368,0.475,0.47,0.505,0.4945,0.073,0.164,0.133,0.628,0.533,0.505,0.789,0.694,0.658,0.066,0.063,0.146,0.375,0.342,0.343,0.108,0.037,0.061,0.068,0.018,0.019,0.341,0.363,0.105,0.549,0.495,0.517,0.254,0.429,0.476,0.129,0.289,0.336,0.579,0.573,0.735,0.1233333333333333,0.3533333333333333,0.5203333333333333,0.5553333333333333,0.0686666666666666,0.3863333333333333,0.7136666666666667,0.035,0.2513333333333333,0.0916666666666666,0.2696666666666666,0.629,NRRWRNFLLNRRRRPIRNRNFFPRIWI
PACD-EC-28,0.026,0.297,0.2475,0.473,0.198,0.325,0.501,0.505,0.4275,0.426,0.345,0.322,0.798,0.977,,0.793,0.889,0.781,0.083,0.226,0.151,0.171,0.106,0.056,0.079,0.024,,0.111,0.003,-0.009,0.354,0.041,-0.003,0.402,0.549,0.623,0.118,0.0,,0.089,0.109,0.255,0.55,0.733,0.9,0.3643333333333333,0.111,0.5246666666666667,0.8875,0.0515,0.059,0.8210000000000001,0.035,0.151,0.1533333333333333,0.1306666666666666,0.7276666666666666,ALKASSTKKKWLKKINLFWIIKALR
PACD-EC-30,0.0,0.246,0.208,0.518,0.243,0.345,0.482,0.511,0.4469999999999999,0.053,0.062,0.096,0.83,0.98,0.824,0.813,0.899,0.727,0.027,0.178,0.099,0.332,0.378,0.255,0.069,0.0,-0.042,0.06,0.011,-0.035,0.342,0.052,0.021,0.596,0.561,0.645,0.099,0.02,0.226,0.123,0.089,0.364,0.63,0.769,0.88,0.0703333333333333,0.3216666666666666,0.6006666666666667,0.878,0.009,0.115,0.8130000000000001,0.0119999999999999,0.1919999999999999,0.1013333333333333,0.1383333333333333,0.7596666666666666,WAKKRKSFPILKRILKAKLGSQLDR
PACD-EC-37,0.037,0.333,0.185,0.473,0.189,0.339,0.49,0.478,0.476,0.41,0.318,0.326,0.828,0.943,0.835,0.798,0.908,0.719,0.405,0.434,0.217,0.176,0.029,0.029,0.047,0.007,-0.092,0.084,0.002,-0.021,0.252,0.255,-0.012,0.414,0.653,0.63,0.122,0.051,0.425,0.11,0.09,0.345,0.346,0.311,0.839,0.3513333333333333,0.078,0.5656666666666667,0.8686666666666666,-0.0126666666666666,0.1993333333333333,0.8083333333333332,0.0216666666666666,0.1816666666666666,0.352,0.165,0.4986666666666666,GKLKANLIRRLKPLFLGGIPRLI
PACD-EC-38,0.0,0.0,0.0,0.552,0.553,0.5495000000000001,0.448,0.447,0.4505,0.024,0.035,0.041,,0.059,0.142,0.051,0.08,0.098,,0.038,0.029,0.31,0.502,0.021,,0.45,0.307,0.466,0.419,0.368,,0.474,0.389,0.611,0.464,0.073,,0.491,0.379,0.475,0.501,0.43,,0.488,0.444,0.0333333333333333,0.2776666666666667,0.3826666666666666,0.1004999999999999,0.3785,0.435,0.0763333333333333,0.4176666666666667,0.4686666666666666,0.0335,0.4315,0.4659999999999999,SIKKLKLRVAIWAKLGWLLKIINNIKA
PACD-EC-5,0.025,0.295,0.2135,0.492,0.254,0.3395,0.483,0.451,0.447,0.392,0.248,0.287,0.828,0.976,1.036,0.837,0.965,0.801,0.252,0.192,0.217,0.194,0.083,0.059,0.084,0.024,-0.103,0.064,0.012,-0.02,0.269,0.112,0.041,0.41,0.668,0.662,0.074,0.0,0.207,0.091,0.022,0.22,0.483,0.696,0.792,0.309,0.112,0.5800000000000001,0.9466666666666668,0.0016666666666666,0.0936666666666666,0.8676666666666667,0.0186666666666666,0.1109999999999999,0.2203333333333333,0.1406666666666666,0.6569999999999999,KLRKTLVTVIKAELRKWGPFIPGKWK
PACD-EC-61,0.0,0.088,0.008,0.508,0.392,0.5505,0.492,0.52,0.4415,0.058,0.059,-0.042,0.058,0.032,,0.65,0.859,0.851,0.018,0.055,0.0,0.448,0.286,0.249,0.415,0.167,,0.14,0.038,0.004,0.415,0.278,0.135,0.482,0.656,0.749,0.528,0.802,,0.209,0.104,0.155,0.55,0.666,0.88,0.0249999999999999,0.3276666666666666,0.629,0.045,0.291,0.665,0.7866666666666666,0.0606666666666666,0.156,0.0243333333333333,0.276,0.6986666666666667,NRRRRNLNFRFFFRRFNFNFFFHR
PACD-EC-66,0.1,0.517,0.1475,0.354,0.155,0.2945,0.546,0.328,0.558,0.532,0.398,0.404,0.701,0.865,0.941,0.599,0.847,0.824,0.451,0.65,,0.165,0.0,-0.05,0.116,0.011,-0.049,0.157,0.061,-0.006,0.223,0.158,,0.298,0.601,0.723,0.175,0.124,0.15,0.251,0.092,0.219,0.331,0.192,,0.4446666666666667,0.0383333333333333,0.5406666666666666,0.8356666666666666,0.026,0.1496666666666666,0.7566666666666667,0.0706666666666666,0.1873333333333333,0.5505,0.1905,0.2615,MLKLLKKLLAPFKLRPLFPKR
PACD-EC-68,0.08,0.094,0.0955,0.428,0.383,0.395,0.492,0.523,0.5095000000000001,0.07,0.05,0.063,0.469,0.213,0.339,0.483,0.34,0.236,0.07,0.162,0.057,0.387,0.084,0.116,0.204,0.102,0.023,0.21,0.009,0.158,0.397,0.043,-0.011,0.544,0.867,0.833,0.331,0.684,0.685,0.305,0.65,0.644,0.527,0.795,1.03,0.061,0.1956666666666666,0.7479999999999999,0.3403333333333333,0.1096666666666666,0.5666666666666668,0.353,0.1256666666666666,0.533,0.0963333333333333,0.143,0.7840000000000001,RVIPRRRNYRIHRRFRFFN
PACD-EC-70,0.052,0.281,0.1325,0.429,0.189,0.3315,0.519,0.53,0.536,0.489,0.435,0.321,0.547,0.7,0.379,0.669,0.826,0.813,0.446,0.237,0.256,0.181,0.047,0.084,0.183,0.02,0.096,0.131,0.125,-0.003,0.243,0.059,-0.013,0.323,0.517,0.63,0.264,0.28,0.554,0.201,0.048,0.234,0.312,0.702,0.794,0.415,0.104,0.49,0.5419999999999999,0.0996666666666666,0.366,0.7693333333333333,0.0843333333333333,0.161,0.313,0.0963333333333333,0.6026666666666667,NFRRRRLNFLRRRRRFPFNRPPPRIR
PACD-EC-73,0.016,0.205,0.1009999999999999,0.491,0.273,0.3635,0.493,0.522,0.5355,0.179,0.066,0.183,0.683,0.585,0.65,0.757,0.843,0.837,0.08,0.199,0.115,0.272,0.52,0.079,0.167,0.069,0.035,0.124,0.012,-0.022,0.395,0.073,-0.02,0.551,0.413,0.749,0.146,0.346,0.325,0.113,0.145,0.208,0.513,0.727,0.932,0.1426666666666666,0.2903333333333333,0.5710000000000001,0.6393333333333334,0.0903333333333333,0.2723333333333333,0.8123333333333335,0.038,0.1553333333333333,0.1313333333333333,0.1493333333333333,0.7240000000000001,KKTFQKKWVKKIWLRRAFFPYLPR
PACD-EC-80,0.0,0.062,0.0335,0.507,0.419,0.4755,0.493,0.519,0.491,0.044,0.047,0.014,0.467,0.316,0.296,0.554,0.477,0.414,0.064,0.174,0.055,0.358,0.307,0.217,0.181,0.056,0.034,0.144,0.016,0.009,0.41,0.041,0.093,0.592,0.646,0.761,0.352,0.627,0.623,0.301,0.507,0.577,0.522,0.786,0.833,0.0349999999999999,0.294,0.6663333333333333,0.3596666666666666,0.0903333333333333,0.5339999999999999,0.4816666666666667,0.0563333333333333,0.4616666666666666,0.0976666666666666,0.1813333333333333,0.7136666666666667,NRRRRRLNFRRHRRNRFNFFPPFRRR
PACD-EC-81,0.007,0.244,0.0785,0.48,0.261,0.3965,0.513,0.495,0.525,0.175,0.11,0.199,0.704,0.656,0.588,0.73,0.795,0.373,0.236,0.231,0.192,0.267,0.142,0.069,0.111,0.004,-0.006,0.157,0.009,0.144,0.315,0.092,0.004,0.557,0.748,0.767,0.186,0.34,0.455,0.115,0.196,0.673,0.454,0.675,0.847,0.1613333333333333,0.1593333333333333,0.6906666666666667,0.6493333333333333,0.0363333333333333,0.327,0.6326666666666666,0.1033333333333333,0.328,0.2196666666666666,0.137,0.6586666666666666,LIKPRRGVKIVLKRGLWKRLKV
PACD-EC-92,0.154,0.526,0.1885,0.376,0.037,0.2985,0.47,0.437,0.513,0.76,0.679,0.712,0.735,0.937,0.799,0.806,0.991,0.897,0.398,0.46,0.202,0.081,0.007,-0.076,0.118,0.015,-0.006,0.065,0.008,-0.075,0.249,0.0,-0.003,0.151,0.312,0.498,0.142,0.047,0.227,0.125,0.0,0.228,0.352,0.54,0.848,0.717,0.004,0.3203333333333333,0.8236666666666667,0.0423333333333333,0.1386666666666667,0.898,-0.0006666666666666,0.1176666666666666,0.3533333333333333,0.082,0.58,RRKKEITPIKRKWLALLGALKGQT
PACD-PA-0,0.009,0.146,0.1105,0.493,0.359,0.3399999999999999,0.498,0.495,0.5495,0.073,0.062,0.151,0.675,0.837,0.882,0.813,0.795,0.794,0.032,0.144,0.105,0.324,0.379,0.23,0.135,0.007,-0.035,0.058,0.023,-0.011,0.318,0.053,0.065,0.6,0.558,0.624,0.186,0.156,0.183,0.118,0.181,0.245,0.655,0.803,0.818,0.0953333333333333,0.311,0.594,0.798,0.0356666666666666,0.1749999999999999,0.8006666666666667,0.0233333333333333,0.1813333333333333,0.0936666666666666,0.1453333333333333,0.7586666666666667,LPCWKFKKIWKVAAKFKKI
PACD-PA-17,0.026,0.264,0.102,0.487,0.227,0.372,0.487,0.509,0.526,0.19,0.079,0.204,0.712,0.438,0.287,0.775,0.781,0.298,0.189,0.202,0.12,0.23,0.137,0.127,0.127,0.011,0.148,0.09,0.0,0.06,0.371,0.054,0.024,0.581,0.783,0.685,0.164,0.551,0.566,0.133,0.218,0.773,0.435,0.744,0.863,0.1576666666666666,0.1646666666666666,0.6829999999999999,0.4789999999999999,0.0953333333333333,0.427,0.618,0.0499999999999999,0.3746666666666667,0.1703333333333333,0.1496666666666666,0.6806666666666666,WKKIPAALNRKFWKVANLKILPY
PACD-PA-26,0.265,0.559,0.276,0.249,0.0,0.2385,0.486,0.441,0.4855,0.855,0.96,0.911,0.809,0.979,,0.729,0.986,0.889,0.463,0.656,0.268,0.067,0.001,-0.087,0.084,0.02,,0.106,0.014,-0.034,0.203,0.146,-0.029,0.076,0.04,0.278,0.093,0.0,,0.153,0.0,0.184,0.329,0.197,0.828,0.9086666666666666,-0.0063333333333333,0.1313333333333333,0.894,0.052,0.0465,0.868,0.0286666666666666,0.1123333333333333,0.4623333333333333,0.1066666666666666,0.4513333333333333,KVGAQFLKWKAGAKLLKLVLLLAKL
PACD-PA-27,0.025,0.036,0.052,0.479,0.412,0.4579999999999999,0.496,0.552,0.49,0.026,0.071,0.192,0.433,0.228,0.305,0.457,0.178,0.302,0.002,0.165,0.053,0.339,0.283,0.214,0.213,0.063,0.024,0.221,0.098,0.219,0.385,0.088,0.151,0.626,0.645,0.626,0.355,0.709,0.703,0.323,0.723,0.493,0.596,0.747,0.83,0.0963333333333333,0.2786666666666667,0.6323333333333333,0.322,0.1,0.589,0.3123333333333333,0.1793333333333333,0.513,0.0733333333333333,0.208,0.7243333333333334,LWKLKKHLKWPRLTWLRGWPYAKN
PACD-PA-28,0.181,0.45,0.4845,0.359,0.0,0.2254999999999999,0.46,0.55,0.29,0.815,0.704,0.659,0.744,0.983,0.895,0.787,0.986,0.879,0.52,0.392,0.363,0.042,0.036,0.008,0.147,0.017,-0.03,0.13,0.014,-0.031,0.162,0.0,-0.019,0.133,0.26,0.341,0.116,0.0,0.171,0.081,0.0,0.19,0.325,0.608,0.702,0.726,0.0286666666666666,0.2446666666666666,0.874,0.0446666666666666,0.0956666666666666,0.884,0.0376666666666666,0.0903333333333333,0.425,0.0476666666666666,0.545,KGKSKWKFSIGALAVLLLKWKLKR
PACD-PA-31,0.165,0.368,0.2744999999999999,0.321,0.168,0.2455,0.514,0.464,0.48,0.72,0.529,0.53,0.744,0.964,0.843,0.79,0.891,0.805,0.4,0.242,0.209,0.086,0.004,-0.014,0.117,0.005,-0.022,0.081,0.0,-0.011,0.22,0.194,-0.012,0.194,0.467,0.506,0.142,0.031,0.202,0.123,0.108,0.184,0.371,0.565,0.816,0.5930000000000001,0.0253333333333333,0.389,0.8503333333333334,0.0333333333333333,0.125,0.8286666666666668,0.0233333333333333,0.1383333333333333,0.2836666666666667,0.134,0.584,FLKIWKIDTSKLLKKFLLKKPL
PACD-PA-35,0.141,0.316,0.059,0.393,0.204,0.422,0.466,0.48,0.519,0.631,0.494,0.425,0.561,0.441,0.407,0.813,0.947,0.756,0.163,0.216,0.168,0.108,0.036,0.075,0.162,0.036,0.116,0.073,0.0,-0.046,0.275,0.043,-0.006,0.255,0.471,0.54,0.272,0.523,0.561,0.114,0.053,0.335,0.558,0.741,0.886,0.5166666666666667,0.073,0.422,0.4696666666666667,0.1046666666666666,0.452,0.8386666666666667,0.009,0.1673333333333333,0.1823333333333333,0.104,0.7283333333333334,YGWKIKKPKIELLKYLRFKAKPTLR
PACD-PA-56,0.22,0.852,0.438,0.378,0.034,0.245,0.402,0.114,0.317,0.842,0.928,0.863,0.698,1.0,0.868,0.799,0.98,0.914,0.627,0.308,0.483,0.055,0.014,-0.111,0.145,0.0,0.01,0.105,0.021,-0.06,0.213,0.027,0.143,0.097,0.058,0.308,0.158,0.0,0.273,0.105,0.0,0.212,0.166,0.665,0.439,0.8776666666666667,-0.0139999999999999,0.1543333333333333,0.8553333333333333,0.0516666666666666,0.1436666666666667,0.8976666666666667,0.022,0.1056666666666666,0.4726666666666667,0.1276666666666666,0.4233333333333333,NWGGWLGLRIRALSKKIVLKAYLKWCNKS
PACD-PA-58,0.015,0.429,0.1605,0.495,0.072,0.341,0.49,0.499,0.4985,0.393,0.322,0.29,0.787,0.974,0.881,0.825,0.996,0.901,0.082,0.371,0.081,0.163,0.029,0.1,0.113,0.02,-0.034,0.088,0.005,-0.094,0.382,0.0,-0.009,0.439,0.648,0.606,0.102,0.007,0.183,0.093,0.0,0.3,0.528,0.629,0.969,0.335,0.0973333333333333,0.5643333333333334,0.8806666666666668,0.033,0.0973333333333333,0.9073333333333332,-0.0003333333333333,0.131,0.178,0.1243333333333333,0.7086666666666667,FALGKNKLKIILKGYKLKSKKI
PACD-PA-6,0.512,1.0,0.5235,0.052,0.0,0.221,0.436,0.0,0.2555,0.843,0.994,0.98,0.78,0.999,0.996,0.759,0.991,0.836,0.435,0.848,0.2,0.084,0.007,-0.117,0.106,0.001,-0.055,0.118,0.009,-0.011,0.228,0.151,-0.012,0.067,0.0,0.222,0.119,0.0,0.2,0.109,0.0,0.203,0.339,0.0,0.855,0.939,-0.0086666666666666,0.0963333333333333,0.925,0.0173333333333333,0.1063333333333333,0.862,0.0386666666666666,0.104,0.4943333333333333,0.1223333333333333,0.3979999999999999,RAWLILLARNLKNIALKKFAAKLNEKGR
PACD-PA-64,0.038,0.411,0.1715,0.468,0.156,0.3385,0.494,0.433,0.49,0.42,0.455,0.359,0.82,0.961,,0.834,0.971,0.9,0.17,0.071,0.191,0.172,0.045,0.06,0.072,0.001,,0.079,0.006,-0.11,0.286,0.008,0.02,0.404,0.501,0.58,0.102,0.037,,0.084,0.024,0.326,0.547,0.922,0.796,0.4113333333333333,0.0923333333333333,0.4949999999999999,0.8905,0.0365,0.0694999999999999,0.9016666666666668,-0.0083333333333333,0.1446666666666667,0.144,0.1046666666666666,0.755,RLQYWRLAGTTKKFLNWLNKFV
PACD-PA-76,0.455,0.617,0.2625,0.15,0.074,0.295,0.395,0.309,0.4425,0.855,0.98,0.998,0.839,0.985,1.037,0.785,0.972,0.975,0.382,0.421,0.204,0.077,0.02,-0.125,0.086,0.015,-0.121,0.104,0.029,-0.123,0.275,0.0,-0.02,0.075,0.0,0.186,0.069,0.0,0.162,0.113,0.0,0.215,0.346,0.579,0.861,0.9443333333333334,-0.0093333333333333,0.087,0.9536666666666666,-0.0066666666666666,0.077,0.9106666666666668,0.0033333333333333,0.1093333333333333,0.3356666666666666,0.085,0.5953333333333334,NIKTRARLLRFLKAKLDKIRAKR
PACD-PA-80,0.0,0.124,0.043,0.505,0.389,0.4525,0.495,0.487,0.5045,0.157,0.107,0.166,0.563,0.472,0.452,0.631,0.484,0.426,0.066,0.187,0.155,0.218,0.281,0.178,0.12,0.021,0.002,0.133,0.012,0.054,0.303,0.073,0.021,0.625,0.611,0.662,0.323,0.507,0.549,0.225,0.504,0.529,0.628,0.739,0.84,0.1433333333333333,0.2256666666666666,0.6326666666666667,0.4956666666666666,0.0476666666666666,0.4596666666666666,0.5136666666666666,0.0663333333333333,0.4193333333333333,0.136,0.1323333333333333,0.7356666666666666,IRLKLRLPLKWTAGLIKLNIKSV
PACD-PA-92,0.131,1.0,0.35,0.355,0.0,0.3095,0.514,0.0,0.3405,0.711,0.807,0.465,0.758,0.982,0.988,0.744,1.0,0.822,0.389,0.804,0.163,0.103,0.069,-0.002,0.146,0.017,-0.066,0.116,0.0,-0.006,0.238,0.196,0.079,0.187,0.123,0.582,0.099,0.0,0.145,0.156,0.0,0.206,0.373,0.0,0.788,0.661,0.0566666666666666,0.2973333333333333,0.9093333333333332,0.0323333333333333,0.0813333333333333,0.8553333333333333,0.0366666666666666,0.1206666666666666,0.452,0.171,0.387,VLVGAAAIKKKSLGKLKKIKAKFG
PACD-PA-93,0.0,0.208,0.104,0.488,0.332,0.408,0.512,0.46,0.488,0.177,0.199,0.175,0.797,0.918,0.923,0.813,0.876,0.579,0.2,0.374,0.165,0.283,0.054,0.098,0.076,0.003,-0.052,0.083,0.009,-0.057,0.304,0.288,-0.014,0.539,0.748,0.725,0.107,0.079,0.191,0.099,0.115,0.578,0.492,0.336,0.88,0.1836666666666666,0.145,0.6706666666666666,0.8793333333333333,0.009,0.1256666666666666,0.7559999999999999,0.0116666666666666,0.264,0.2463333333333333,0.1926666666666666,0.5693333333333334,KKRRRQILLILLPNLFGKKTTKGKGK
PACD-SA-25,0.438,1.0,0.4635,0.087,0.0,0.226,0.475,0.0,0.3105,0.82,0.974,0.905,0.767,0.987,0.943,0.818,0.999,0.841,0.486,0.478,0.127,0.086,0.023,-0.106,0.108,0.013,-0.046,0.086,0.001,-0.012,0.21,0.043,0.34,0.097,0.003,0.323,0.112,0.0,0.149,0.093,0.0,0.206,0.31,0.479,0.574,0.8996666666666666,0.0009999999999999,0.141,0.899,0.0249999999999999,0.087,0.886,0.0249999999999999,0.0996666666666666,0.3636666666666666,0.1976666666666666,0.4543333333333333,SWYKKLNRHLLLLILKIKLKR
PACD-SA-40,0.0,0.0,0.01,0.532,0.529,0.458,0.468,0.471,0.532,0.081,0.205,0.117,0.496,0.434,0.303,0.505,0.686,0.378,0.072,0.171,0.18,0.282,0.051,0.16,0.212,0.168,0.172,0.167,0.0,-0.018,0.374,0.014,0.002,0.634,0.744,0.72,0.296,0.398,0.483,0.33,0.314,0.65,0.552,0.815,0.827,0.1343333333333333,0.1643333333333333,0.6993333333333333,0.411,0.184,0.3923333333333333,0.523,0.0496666666666666,0.4313333333333333,0.141,0.13,0.7313333333333333,VRGKFKGKLKGWWRLPIKLWV
PACD-SA-59,0.071,0.39,0.141,0.421,0.132,0.3345,0.508,0.478,0.5245,0.477,0.246,0.413,0.719,0.765,0.664,0.805,0.939,0.833,0.401,0.19,0.222,0.204,0.071,-0.006,0.098,0.0,-0.058,0.089,0.001,-0.084,0.257,0.083,0.072,0.327,0.683,0.61,0.176,0.234,0.558,0.101,0.06,0.295,0.341,0.727,0.72,0.3786666666666666,0.0896666666666666,0.54,0.7160000000000001,0.0133333333333333,0.3226666666666667,0.859,0.0019999999999999,0.152,0.2709999999999999,0.1373333333333333,0.596,WLWFSIPPIRRLGLRFKITRRAA
PACD-SA-62,0.014,0.506,0.029,0.474,0.099,0.4579999999999999,0.512,0.395,0.513,0.401,0.331,0.225,0.627,0.513,0.616,0.826,0.975,0.993,0.077,0.204,0.131,0.215,0.034,0.106,0.124,0.053,0.085,0.105,0.026,-0.103,0.34,0.023,0.017,0.384,0.635,0.639,0.253,0.434,0.321,0.071,0.0,0.293,0.579,0.772,0.856,0.319,0.1183333333333333,0.5526666666666668,0.5853333333333334,0.0873333333333333,0.336,0.9313333333333332,0.0093333333333333,0.1213333333333333,0.1373333333333333,0.1266666666666666,0.7356666666666666,AIKLLRGIKLSMFRRKIFR
PACD-SA-64,0.19,0.371,0.234,0.296,0.0,0.217,0.514,0.629,0.549,0.607,0.46,0.502,0.768,0.928,0.842,0.768,0.935,0.852,0.418,0.207,0.358,0.101,0.149,0.065,0.124,0.03,-0.014,0.125,0.02,-0.027,0.268,0.131,0.034,0.291,0.391,0.452,0.103,0.042,0.209,0.102,0.044,0.209,0.317,0.662,0.664,0.523,0.105,0.3779999999999999,0.8460000000000001,0.0466666666666666,0.118,0.8516666666666667,0.0393333333333333,0.1183333333333333,0.3276666666666666,0.1443333333333333,0.5476666666666667,GRSLTLRLWLKWIKR
PACD-SA-67,0.0,0.215,0.069,0.506,0.262,0.44,0.494,0.523,0.491,0.075,0.059,0.131,0.861,0.64,0.59,0.757,0.88,0.887,0.046,0.156,0.112,0.375,0.457,0.186,0.036,0.033,0.031,0.084,0.002,-0.047,0.314,0.031,0.009,0.538,0.485,0.682,0.105,0.326,0.394,0.151,0.118,0.189,0.635,0.814,0.882,0.0883333333333333,0.3393333333333333,0.5683333333333334,0.697,0.0333333333333333,0.2749999999999999,0.8413333333333334,0.013,0.1526666666666666,0.1046666666666666,0.118,0.777,KWLAIGLLKKKWRPRLFKRFLSR
PACD-SA-69,0.149,0.512,0.158,0.403,0.102,0.33,0.448,0.386,0.512,0.643,0.599,0.56,0.772,0.931,0.872,0.789,0.996,0.929,0.382,0.424,0.198,0.097,0.025,0.054,0.095,0.001,-0.058,0.073,0.004,-0.115,0.243,0.0,-0.03,0.262,0.377,0.397,0.124,0.067,0.24,0.134,0.0,0.263,0.382,0.576,0.871,0.6006666666666667,0.0586666666666666,0.3453333333333333,0.8583333333333334,0.0126666666666666,0.1436666666666666,0.9046666666666668,-0.0126666666666666,0.1323333333333333,0.3346666666666666,0.071,0.6096666666666667,FLLSWSKKLTKVKLLKLLTRLS
PACD-SA-7,0.184,0.636,0.3555,0.316,0.081,0.1895,0.5,0.283,0.455,0.776,0.694,0.637,0.635,0.947,0.907,0.765,0.983,0.863,0.435,0.229,0.298,0.074,0.05,0.039,0.159,0.016,-0.04,0.096,0.007,-0.04,0.223,0.162,0.006,0.146,0.256,0.332,0.207,0.037,0.169,0.136,0.01,0.178,0.347,0.609,0.754,0.7023333333333334,0.0543333333333333,0.2446666666666666,0.8296666666666667,0.0449999999999999,0.1376666666666667,0.8703333333333333,0.021,0.108,0.3206666666666666,0.1303333333333333,0.57,RKLPWVMILKKLKWRLKIR
PACD-SA-70,0.268,0.583,0.3045,0.297,0.0,0.24,0.435,0.417,0.4555,0.815,0.889,0.711,0.81,0.99,1.016,0.763,0.986,0.86,0.448,0.513,,0.076,0.011,-0.057,0.087,0.01,-0.12,0.121,0.014,-0.024,0.219,0.258,,0.11,0.101,0.425,0.098,0.0,0.2,0.116,0.0,0.19,0.332,0.229,,0.805,0.0099999999999999,0.212,0.9386666666666666,-0.0076666666666666,0.0993333333333333,0.8696666666666667,0.037,0.102,0.4805,0.2385,0.2805,HKGLLWALLIKKIVLKKKWRIV
PACD-SA-73,0.0,0.074,0.0925,0.501,0.436,0.38,0.499,0.49,0.5275,0.399,0.354,0.14,0.674,0.747,0.583,0.679,0.862,0.545,0.44,0.499,0.15,0.268,0.122,0.156,0.104,0.049,0.018,0.119,0.0,-0.011,0.192,0.241,-0.013,0.336,0.524,0.663,0.207,0.204,0.409,0.197,0.138,0.469,0.374,0.259,0.862,0.2976666666666667,0.182,0.5076666666666667,0.668,0.0569999999999999,0.2733333333333333,0.6953333333333332,0.036,0.268,0.363,0.1399999999999999,0.4983333333333333,KLGKFFALKKKWWLR
PACD-SA-77,0.0,0.088,0.091,0.485,0.399,0.3785,0.515,0.513,0.5305,0.179,0.063,0.027,0.582,0.617,0.443,0.573,0.625,0.356,0.373,0.574,0.115,0.347,0.063,0.201,0.173,0.057,0.059,0.156,0.025,-0.027,0.278,0.042,0.273,0.469,0.874,0.763,0.242,0.326,0.516,0.274,0.351,0.716,0.347,0.384,0.593,0.0896666666666666,0.2036666666666666,0.702,0.5473333333333333,0.0963333333333333,0.3613333333333333,0.5179999999999999,0.0513333333333333,0.447,0.354,0.1976666666666666,0.4413333333333333,RRIRRRRNFRFHRRIFNRINF
PACD-SA-84,0.158,0.724,0.344,0.302,0.235,0.41,0.54,0.041,0.246,0.703,0.469,0.268,0.597,0.836,0.764,0.77,0.975,0.799,0.43,0.62,0.19,0.102,0.088,0.176,0.133,0.0,0.028,0.098,0.005,0.001,0.223,0.0,0.187,0.191,0.443,0.582,0.262,0.164,0.35,0.132,0.02,0.232,0.347,0.38,0.671,0.48,0.122,0.4053333333333333,0.7323333333333334,0.0536666666666666,0.2586666666666666,0.848,0.0346666666666666,0.128,0.4133333333333333,0.1366666666666667,0.466,WLKIRSWILLKRRKNGAKAKWR
PACD-SA-85,0.0,0.157,0.064,0.509,0.336,0.422,0.491,0.507,0.514,0.049,0.09,0.106,0.688,0.686,0.503,0.766,0.605,0.44,0.048,0.204,0.116,0.341,0.497,0.171,0.123,0.094,0.012,0.079,0.0,0.03,0.274,0.032,-0.011,0.599,0.414,0.726,0.181,0.219,0.499,0.16,0.396,0.55,0.682,0.764,0.924,0.0816666666666666,0.3363333333333334,0.5796666666666667,0.6256666666666667,0.0763333333333333,0.2996666666666667,0.6036666666666667,0.0363333333333333,0.3686666666666667,0.1226666666666666,0.0983333333333333,0.79,YWTLRRGKLKLPILQLARKKQR
PACD-SA-88,0.006,0.447,0.3235,0.469,0.015,0.2575,0.525,0.538,0.419,0.218,0.19,0.234,0.819,0.984,,0.777,0.993,0.879,0.179,0.233,0.163,0.232,0.052,0.078,0.1,0.016,,0.088,0.007,-0.061,0.334,0.042,-0.02,0.551,0.759,0.687,0.075,0.0,,0.134,0.0,0.251,0.491,0.724,0.905,0.214,0.1206666666666666,0.6656666666666667,0.9015,0.058,0.0375,0.883,0.0113333333333333,0.1283333333333333,0.1916666666666666,0.1186666666666666,0.7066666666666667,VGRIFWGLKKIILKKGLTR
PACD-SA-91,0.0,0.06,0.0715,0.516,0.397,0.393,0.484,0.543,0.5355,0.022,0.077,0.058,0.598,0.494,0.433,0.443,0.212,0.199,0.031,0.196,0.125,0.31,0.178,0.199,0.121,0.049,0.052,0.264,0.246,0.125,0.326,0.057,0.0,0.658,0.746,0.748,0.272,0.457,0.467,0.296,0.542,0.706,0.633,0.747,0.91,0.0523333333333333,0.229,0.7173333333333334,0.5083333333333334,0.074,0.3986666666666667,0.2846666666666667,0.2116666666666666,0.5146666666666667,0.1173333333333333,0.1276666666666666,0.7633333333333333,WKLKSKKLLKWFPRLAK
PITPNB-KLV10,0.0,0.0,0.087,0.539,0.519,0.659,0.461,0.481,0.254,0.02,0.031,0.072,0.056,0.065,,0.232,0.352,0.201,0.036,0.051,0.038,0.41,0.35,0.195,0.479,0.412,,0.274,0.006,0.125,0.331,0.192,0.206,0.562,0.619,0.563,0.449,0.523,,0.499,0.642,0.648,0.621,0.758,0.742,0.041,0.3183333333333333,0.5813333333333334,0.0605,0.4455,0.486,0.2616666666666666,0.135,0.5963333333333334,0.0416666666666666,0.243,0.707,KLVTIKFKWW
PPP1CB-RRF11,0.0,0.0,0.0035,0.491,0.443,0.4629999999999999,0.509,0.557,0.5335,0.036,0.049,-0.043,0.152,0.159,0.107,0.184,0.178,0.198,0.03,0.052,0.004,0.433,0.383,0.172,0.3,0.269,0.346,0.284,0.253,0.259,0.412,0.305,0.074,0.526,0.568,0.683,0.546,0.573,0.536,0.522,0.568,0.527,0.543,0.643,0.775,0.0139999999999999,0.3293333333333333,0.5923333333333333,0.1393333333333333,0.305,0.5516666666666666,0.1866666666666666,0.2653333333333333,0.539,0.0286666666666666,0.2636666666666666,0.6536666666666666,RRFNIKLWKTF
PPT1-YKK15,0.023,0.272,0.1075,0.437,0.22,0.388,0.54,0.508,0.5045,0.19,0.193,0.211,0.814,0.819,0.678,0.72,0.661,0.636,0.05,0.176,0.133,0.22,0.069,0.086,0.068,0.007,0.001,0.105,0.018,0.072,0.346,0.043,0.025,0.589,0.738,0.705,0.116,0.175,0.334,0.184,0.32,0.369,0.604,0.781,0.853,0.1979999999999999,0.125,0.6773333333333333,0.7703333333333333,0.0253333333333333,0.2083333333333333,0.6723333333333333,0.065,0.291,0.1196666666666666,0.1379999999999999,0.746,YKKNLMALKKFVMVK
PPT1-YKK16,0.0,0.171,0.122,0.506,0.309,0.401,0.494,0.52,0.477,0.042,0.065,0.126,0.769,0.892,0.849,0.787,0.624,0.675,0.024,0.042,0.041,0.367,0.337,0.299,0.084,0.009,-0.029,0.052,0.019,-0.034,0.395,0.117,0.194,0.585,0.599,0.554,0.141,0.098,0.184,0.145,0.356,0.377,0.572,0.841,0.755,0.0776666666666666,0.3343333333333333,0.5793333333333334,0.8366666666666666,0.0213333333333333,0.141,0.6953333333333335,0.0123333333333333,0.2926666666666667,0.0356666666666666,0.2353333333333333,0.7226666666666666,YKKNLMALKKFVMVKF
PRKAG1-KRI10,0.0,0.005,0.01,0.484,0.427,0.426,0.516,0.568,0.5640000000000001,0.054,0.062,0.031,0.2,0.244,0.121,0.21,0.214,0.213,0.047,0.153,0.052,0.444,0.408,0.328,0.357,0.255,0.349,0.256,0.243,0.383,0.448,0.244,0.076,0.496,0.53,0.622,0.444,0.502,0.48,0.53,0.542,0.405,0.496,0.602,0.717,0.0489999999999999,0.3933333333333333,0.5493333333333333,0.1883333333333333,0.3203333333333333,0.4753333333333333,0.2123333333333333,0.294,0.4923333333333333,0.084,0.2559999999999999,0.605,KRILKFLKLF
PRKAG1-KRI9,0.007,0.078,0.031,0.486,0.351,0.399,0.507,0.571,0.5700000000000001,0.045,0.041,0.079,0.215,0.219,0.205,0.233,0.211,0.239,0.052,0.066,0.071,0.356,0.28,0.223,0.259,0.288,0.32,0.176,0.172,0.164,0.32,0.139,0.211,0.596,0.678,0.684,0.524,0.493,0.497,0.588,0.617,0.593,0.615,0.795,0.712,0.0549999999999999,0.2863333333333333,0.6526666666666667,0.213,0.289,0.5046666666666666,0.2276666666666666,0.1706666666666666,0.5993333333333334,0.063,0.2233333333333333,0.7073333333333333,KRILKFLKL
RHCE-GLL15,0.058,0.308,0.1159999999999999,0.449,0.178,0.5245,0.493,0.514,0.3595,0.37,0.247,0.296,0.553,0.557,0.727,0.844,0.833,0.424,0.085,0.01,0.261,0.134,0.136,0.143,0.239,0.074,0.022,0.055,0.009,-0.01,0.378,0.317,0.221,0.496,0.618,0.586,0.205,0.368,0.25,0.106,0.158,0.653,0.529,0.674,0.535,0.3043333333333333,0.1376666666666667,0.5666666666666665,0.6123333333333334,0.1116666666666666,0.2743333333333333,0.7003333333333334,0.018,0.3056666666666667,0.1186666666666666,0.3053333333333333,0.5793333333333334,GLLTGLLLNLKIWKA
RP11-381K20.2-RYI13,0.028,0.195,0.1055,0.483,0.297,0.408,0.489,0.508,0.4865,0.061,0.075,0.157,0.572,0.431,0.691,0.638,0.429,0.365,0.17,0.062,0.224,0.266,0.185,0.151,0.188,0.155,0.045,0.124,0.039,0.164,0.287,0.001,0.066,0.671,0.741,0.709,0.242,0.414,0.313,0.232,0.532,0.458,0.546,0.937,0.717,0.0976666666666666,0.2006666666666666,0.707,0.5646666666666667,0.1293333333333333,0.3229999999999999,0.4773333333333333,0.109,0.4073333333333333,0.152,0.118,0.7333333333333334,RYISQSGLKLLIL
RPL10A-ALK17,0.001,0.106,0.0385,0.476,0.391,0.4305,0.523,0.503,0.5309999999999999,0.078,0.163,0.17,0.499,0.602,0.377,0.562,0.683,0.315,0.074,0.233,0.158,0.323,0.039,0.024,0.177,0.0,-0.02,0.123,0.109,0.19,0.397,0.032,-0.015,0.593,0.797,0.81,0.323,0.398,0.682,0.318,0.207,0.531,0.521,0.736,0.881,0.137,0.1286666666666666,0.7333333333333334,0.4926666666666666,0.0523333333333333,0.4676666666666667,0.52,0.1406666666666666,0.352,0.155,0.138,0.7126666666666667,ALKKLNKNKKLVKKLAK
RPL19-RRM10,0.0,0.154,0.098,0.487,0.293,0.365,0.513,0.553,0.5369999999999999,0.045,0.038,0.042,0.645,0.713,0.518,0.433,0.441,0.317,0.033,0.064,0.076,0.287,0.081,0.184,0.106,0.015,0.036,0.107,0.03,0.112,0.299,0.028,0.119,0.655,0.88,0.763,0.242,0.272,0.448,0.45,0.53,0.572,0.665,0.908,0.782,0.0416666666666666,0.184,0.766,0.6253333333333334,0.0523333333333333,0.3206666666666666,0.397,0.083,0.5173333333333333,0.0576666666666666,0.1486666666666666,0.785,RRMRILRRLL
RPL3-KKI17,0.03,0.026,0.0865,0.494,0.472,0.456,0.476,0.502,0.4575,0.025,0.055,,0.538,0.462,0.457,0.19,0.122,,-0.01,0.048,0.042,0.277,0.164,,0.164,0.068,0.1,0.33,0.168,,0.296,0.088,0.079,0.691,0.781,,0.299,0.47,0.465,0.485,0.711,,0.693,0.863,0.894,0.04,0.2205,0.736,0.4856666666666667,0.1106666666666666,0.4113333333333333,0.156,0.249,0.598,0.0266666666666666,0.1543333333333333,0.8166666666666668,KKIYKIGQGYLIKDGKL
RPL3-NKK19,0.008,0.044,0.0915,0.507,0.453,0.447,0.485,0.503,0.4615,0.033,0.054,,0.666,0.625,0.585,0.453,0.209,0.355,0.011,0.07,0.06,0.332,0.175,,0.103,0.022,0.027,0.259,0.134,0.194,0.332,0.102,0.109,0.627,0.772,,0.235,0.353,0.424,0.286,0.655,0.498,0.642,0.829,0.854,0.0435,0.2535,0.6995,0.6253333333333333,0.0506666666666666,0.3373333333333333,0.3389999999999999,0.1956666666666666,0.4796666666666667,0.047,0.181,0.775,NKKIYKIGQGYLIKDGKLI
RPL36-KDK18,0.0,0.248,0.1845,0.465,0.297,0.3435,0.535,0.455,0.472,0.203,0.217,0.185,0.848,0.929,0.808,0.789,0.771,0.384,0.051,0.174,0.124,0.229,0.105,0.116,0.05,0.001,-0.101,0.078,0.001,0.025,0.328,0.026,0.017,0.564,0.68,0.7,0.087,0.07,0.425,0.129,0.229,0.641,0.619,0.799,0.864,0.2016666666666666,0.15,0.648,0.8616666666666667,-0.0166666666666666,0.1939999999999999,0.648,0.0346666666666666,0.333,0.1163333333333333,0.1236666666666666,0.7606666666666667,KDKRALKFIKKRVGTHIR
RPS25-KKW25,0.01,0.225,0.142,0.503,0.339,0.3735,0.487,0.436,0.4845,0.248,0.249,0.259,0.847,0.896,0.767,0.803,0.76,0.323,0.17,0.062,0.19,0.217,0.111,0.131,0.052,0.017,-0.087,0.083,0.0,0.052,0.272,0.022,0.013,0.54,0.639,0.624,0.094,0.087,0.399,0.113,0.24,0.668,0.56,0.916,0.795,0.252,0.153,0.601,0.8366666666666666,-0.0059999999999999,0.1933333333333333,0.6286666666666667,0.045,0.3403333333333333,0.1406666666666667,0.1023333333333333,0.757,KKWSKGKVRDKLNNLVLFDKATYDK
RPS27A-HKR15,0.0,0.111,0.0535,0.509,0.365,0.519,0.491,0.524,0.4275,0.021,0.064,0.055,0.432,0.408,0.395,0.51,0.413,0.368,-0.028,0.076,0.026,0.329,0.25,0.255,0.193,0.138,0.152,0.148,0.028,0.114,0.103,0.048,0.016,0.641,0.687,0.689,0.376,0.453,0.452,0.34,0.558,0.536,0.906,0.877,0.968,0.0466666666666666,0.2779999999999999,0.6723333333333333,0.4116666666666666,0.161,0.427,0.4303333333333333,0.0966666666666666,0.478,0.0246666666666666,0.0556666666666666,0.917,HKRKKVKLAVLKYYK
SLC3A2-KGR17,0.116,0.417,0.1375,0.39,0.097,0.382,0.494,0.486,0.4805,0.6,0.467,0.496,0.857,0.623,0.494,0.804,0.938,0.799,0.423,0.202,0.266,0.08,0.03,0.002,0.03,0.022,0.077,0.094,0.009,-0.02,0.241,0.073,0.01,0.311,0.503,0.486,0.101,0.355,0.454,0.107,0.052,0.238,0.347,0.724,0.755,0.521,0.0373333333333333,0.4333333333333333,0.658,0.043,0.3033333333333333,0.847,0.0276666666666666,0.1323333333333333,0.297,0.108,0.6086666666666667,KGRLDYLSSLKVKGLVL
SNRNP200-SLI10,0.0,0.067,0.0,0.531,0.423,0.5905,0.469,0.51,0.4095,0.021,0.034,0.151,0.043,0.06,0.054,0.17,0.196,0.157,0.01,0.039,0.084,0.382,0.392,0.206,0.459,0.447,0.364,0.312,0.273,0.323,0.407,0.356,0.172,0.585,0.574,0.607,0.496,0.494,0.583,0.517,0.531,0.55,0.568,0.604,0.611,0.0686666666666666,0.3266666666666666,0.5886666666666666,0.0523333333333333,0.4233333333333333,0.5243333333333333,0.1743333333333333,0.3026666666666666,0.5326666666666667,0.0443333333333333,0.3116666666666666,0.5943333333333333,SLISIKRLTL
TFRC-KEI13,0.046,0.106,0.0834999999999999,0.506,0.405,0.511,0.448,0.489,0.4054999999999999,0.08,0.127,0.166,0.492,0.348,0.575,0.409,0.356,0.307,0.414,0.217,0.346,0.274,0.311,0.343,0.238,0.278,0.121,0.175,0.092,0.195,0.279,0.232,0.17,0.65,0.561,0.489,0.271,0.374,0.31,0.423,0.552,0.5,0.313,0.551,0.485,0.1243333333333333,0.3093333333333333,0.5666666666666668,0.4716666666666667,0.2123333333333333,0.3183333333333333,0.3573333333333333,0.154,0.4916666666666667,0.3256666666666666,0.227,0.4496666666666667,KEIKILNIFGVIK
TFRC-KEI14,0.045,0.144,0.0995,0.497,0.358,0.519,0.458,0.498,0.3815,0.174,0.154,0.177,0.52,0.47,0.586,0.517,0.369,0.438,0.186,0.16,0.212,0.217,0.251,0.356,0.226,0.107,0.066,0.199,0.106,0.145,0.25,0.239,0.296,0.609,0.596,0.464,0.254,0.422,0.35,0.292,0.525,0.459,0.563,0.601,0.47,0.1683333333333333,0.2746666666666666,0.5563333333333333,0.5253333333333333,0.133,0.3419999999999999,0.4413333333333333,0.15,0.4253333333333333,0.1859999999999999,0.2616666666666666,0.5446666666666666,KEIKILNIFGVIKG
TGFB1-KRK16,0.04,0.418,0.232,0.436,0.059,0.2875,0.524,0.523,0.4805,0.216,0.252,0.23,0.839,0.978,0.831,0.802,0.974,0.83,0.079,0.226,0.121,0.193,0.093,0.123,0.074,0.01,-0.048,0.08,0.006,-0.019,0.365,0.023,-0.024,0.59,0.655,0.647,0.076,0.012,0.252,0.11,0.02,0.213,0.553,0.752,0.94,0.2326666666666666,0.1363333333333333,0.6306666666666667,0.8826666666666666,0.0119999999999999,0.1133333333333333,0.8686666666666666,0.0223333333333333,0.1143333333333333,0.142,0.1213333333333333,0.7483333333333334,KRKRIEAIRGQILSKL
TGFB1-RKR16,0.077,0.467,0.154,0.432,0.043,0.35,0.491,0.49,0.496,0.4,0.327,0.323,0.811,0.915,0.836,0.794,0.963,0.816,0.189,0.243,0.173,0.139,0.044,0.073,0.064,0.009,-0.028,0.094,0.024,-0.021,0.311,0.014,-0.026,0.462,0.63,0.605,0.118,0.076,0.205,0.11,0.013,0.233,0.498,0.743,0.881,0.35,0.0853333333333333,0.5656666666666667,0.854,0.015,0.133,0.8576666666666667,0.0323333333333333,0.1186666666666666,0.2016666666666666,0.0996666666666666,0.7073333333333333,RKRIEAIRGQILSKLR
TGFB2-RKR15,0.105,1.0,0.522,0.374,0.0,0.369,0.521,0.0,0.109,0.505,0.638,0.387,0.747,0.978,0.864,0.624,0.981,0.821,0.395,0.837,0.162,0.19,0.004,-0.083,0.1,0.022,-0.028,0.151,0.007,-0.003,0.235,0.163,0.077,0.303,0.358,0.798,0.154,0.0,0.2,0.226,0.013,0.223,0.368,0.0,0.797,0.51,0.037,0.4863333333333333,0.863,0.0313333333333333,0.118,0.8086666666666668,0.0516666666666666,0.154,0.4646666666666666,0.1583333333333333,0.3883333333333333,RKRIEAIRGQILSKL
TMEM176B-RKL13,0.014,0.39,0.232,0.465,0.119,0.296,0.521,0.491,0.472,0.16,0.166,0.135,0.829,0.877,,0.703,0.832,0.795,0.051,0.17,0.095,0.251,0.168,0.206,0.05,0.004,,0.124,0.006,-0.011,0.347,0.038,0.024,0.59,0.666,0.646,0.115,0.119,,0.175,0.162,0.216,0.61,0.792,0.882,0.1536666666666666,0.2083333333333333,0.634,0.853,0.027,0.1169999999999999,0.7766666666666667,0.0396666666666666,0.1843333333333333,0.1053333333333333,0.1363333333333333,0.7613333333333334,RKLFTAIRALFLA
TMEM186-RTF11,0.0,0.0,0.0075,0.512,0.441,0.4855,0.488,0.559,0.507,0.023,0.032,-0.027,0.065,0.163,0.146,0.166,0.181,0.151,0.01,0.034,0.097,0.408,0.36,0.176,0.377,0.391,0.34,0.332,0.342,0.324,0.413,0.314,0.218,0.561,0.607,0.874,0.555,0.446,0.515,0.502,0.476,0.511,0.567,0.652,0.645,0.0093333333333333,0.3146666666666666,0.6806666666666668,0.1246666666666666,0.3693333333333333,0.5053333333333333,0.166,0.3326666666666666,0.4963333333333333,0.047,0.315,0.6213333333333333,RTFGFLSRLKL
TMEM260-LSL11,0.098,0.225,0.0945,0.406,0.261,0.4255,0.496,0.514,0.48,0.211,0.197,0.218,0.484,0.406,0.424,0.633,0.565,0.545,0.062,0.098,0.144,0.189,0.158,0.164,0.138,0.114,0.117,0.092,0.015,0.013,0.288,0.019,0.094,0.599,0.645,0.638,0.385,0.48,0.466,0.274,0.419,0.428,0.639,0.884,0.761,0.2086666666666666,0.1703333333333333,0.6273333333333334,0.438,0.123,0.4436666666666666,0.581,0.04,0.3736666666666666,0.1013333333333333,0.1336666666666666,0.7613333333333334,LSLGSLLKLSL
Top-EC-16,0.0,0.094,0.0945,0.49,0.42,0.394,0.51,0.486,0.5115000000000001,0.403,0.372,0.216,0.544,0.589,0.133,0.507,0.562,,0.434,0.542,0.152,0.261,0.171,-0.033,0.189,0.173,0.323,0.174,0.136,,0.219,0.067,0.209,0.336,0.457,0.874,0.269,0.237,0.581,0.315,0.302,,0.349,0.391,0.68,0.3303333333333333,0.133,0.5556666666666666,0.422,0.2283333333333333,0.3623333333333333,0.5345,0.155,0.3085,0.3759999999999999,0.165,0.4733333333333333,VQVVSAQKKLPVRRPPLPGRRLPLPGRRPPQRPIGKAKPKKQSKKKVPFW
Top-EC-68,0.047,0.498,0.13,0.458,0.153,0.3685,0.495,0.349,0.5015000000000001,0.739,0.855,0.879,0.756,0.956,0.867,0.802,0.991,1.004,0.373,0.627,0.185,0.102,0.077,-0.109,0.125,0.004,-0.042,0.076,0.009,-0.115,0.266,0.0,-0.01,0.152,0.069,0.289,0.113,0.04,0.191,0.121,0.0,0.186,0.359,0.373,0.839,0.8243333333333333,0.0233333333333333,0.17,0.8596666666666666,0.0289999999999999,0.1146666666666666,0.9323333333333332,-0.01,0.1023333333333333,0.395,0.0853333333333333,0.5236666666666666,KFLSLANKRLPVKRAAVQFLNNAWGIQKKQNAKRFKRRWMVRKMKT
Top-EC-71,0.0,0.096,0.036,0.503,0.403,0.4565,0.497,0.501,0.5075000000000001,0.246,0.202,0.169,0.538,0.447,0.142,0.497,0.708,0.125,0.4,0.371,0.176,0.312,0.158,-0.016,0.147,0.119,0.312,0.187,0.107,0.333,0.246,0.0,0.014,0.44,0.64,0.893,0.311,0.434,0.583,0.317,0.184,0.586,0.355,0.629,0.844,0.2056666666666666,0.1513333333333333,0.6576666666666667,0.3756666666666666,0.1926666666666666,0.4426666666666666,0.4433333333333333,0.209,0.3623333333333333,0.3156666666666667,0.0866666666666666,0.6093333333333333,QVVSAQKKLPVRRPPLPGRRLPLPGRRPPQRPIGKAKPKKQSKKKVPFW
Top-EC-85,0.0,0.218,0.0575,0.521,0.359,0.472,0.479,0.423,0.4705,0.403,0.369,0.35,0.823,0.822,0.823,0.825,0.979,0.958,0.046,0.189,0.128,0.145,0.101,0.107,0.059,0.009,-0.077,0.073,0.021,-0.111,0.24,0.035,0.024,0.452,0.53,0.557,0.112,0.168,0.348,0.09,0.0,0.256,0.712,0.776,0.843,0.3739999999999999,0.1176666666666666,0.513,0.8226666666666667,-0.003,0.2093333333333333,0.9206666666666664,-0.0056666666666666,0.1153333333333333,0.121,0.0996666666666666,0.777,KFLSLANKRLPVKRAAVQFLNNAWGIQKKQNAKRFKRRWMVRKMK
Top-EC-97,0.0,0.252,0.0635,0.496,0.282,0.4095,0.504,0.466,0.527,0.44,0.453,0.286,0.576,0.683,0.445,0.629,1.0,0.804,0.413,0.664,0.184,0.176,0.0,-0.015,0.168,0.001,0.02,0.141,0.0,0.004,0.242,0.105,-0.01,0.377,0.547,0.773,0.26,0.315,0.563,0.231,0.0,0.217,0.339,0.231,0.858,0.393,0.0536666666666666,0.5656666666666667,0.568,0.063,0.3793333333333333,0.8109999999999999,0.0483333333333333,0.1493333333333333,0.4203333333333333,0.1123333333333333,0.476,FLYGKNRSRIPLLRKRWFQLGRSMNPRARKKRSRIPLLRKRRF
Top-PA-44,0.263,0.979,0.28,0.353,0.021,0.272,0.384,0.0,0.448,0.706,0.981,0.847,0.828,0.985,0.987,0.579,0.981,0.825,0.672,0.966,0.404,0.114,0.019,0.036,0.057,0.005,-0.084,0.191,0.019,-0.004,0.139,0.016,0.103,0.183,0.0,0.309,0.095,0.01,0.163,0.236,0.0,0.211,0.189,0.018,0.641,0.8446666666666666,0.0563333333333333,0.164,0.9333333333333332,-0.0073333333333333,0.0893333333333333,0.7949999999999999,0.0686666666666666,0.149,0.6806666666666666,0.086,0.2826666666666667,FGKTKIFFRAGQVAYLEKLRADKLRAACIRIQKTIRGWLLRKKYLRMRK
Top-PA-59,0.0,0.089,0.041,0.529,0.42,0.4639999999999999,0.471,0.491,0.495,0.055,0.077,0.134,0.617,0.441,0.357,0.662,0.479,0.44,0.181,0.19,0.132,0.244,0.279,0.069,0.14,0.029,0.176,0.108,0.016,0.144,0.299,0.081,-0.004,0.693,0.643,0.79,0.246,0.529,0.514,0.225,0.504,0.457,0.518,0.729,0.89,0.0886666666666666,0.1973333333333333,0.7086666666666667,0.4716666666666667,0.1149999999999999,0.4296666666666667,0.527,0.0893333333333333,0.3953333333333333,0.1676666666666666,0.1253333333333333,0.7123333333333334,TLPRRRGRPSRRFLGKKYRKYYYKSPKPLLRPFLCRIC
Top-PA-69,0.0,0.114,0.0125,0.521,0.406,0.4775,0.479,0.48,0.51,0.22,0.171,0.23,0.573,0.443,,0.734,0.684,0.346,0.401,0.462,0.207,0.288,0.055,0.018,0.172,0.0,,0.082,0.0,0.104,0.227,0.0,0.002,0.495,0.774,0.758,0.26,0.557,,0.178,0.316,0.596,0.368,0.538,0.84,0.207,0.1203333333333333,0.6756666666666667,0.508,0.086,0.4085,0.5880000000000001,0.062,0.3633333333333333,0.3566666666666667,0.0763333333333333,0.582,IPRNSTVNIPLFRRFGRQRKIGGRGRIISPYRTPVLRRHRYSIFR
Top-PA-86,0.0,0.0,0.0,0.542,0.549,0.547,0.458,0.451,0.453,,0.038,0.043,0.036,0.058,,0.068,0.06,0.195,,0.031,-0.002,,0.503,-0.007,0.393,0.435,,0.324,0.471,0.384,,0.439,0.145,,0.459,0.047,0.52,0.507,,0.612,0.469,0.407,,0.529,0.865,0.0404999999999999,0.248,0.253,0.047,0.414,0.5135000000000001,0.1076666666666666,0.3929999999999999,0.496,0.0144999999999999,0.292,0.6970000000000001,RWLNKLMKLLQRLPNSVVRRLHRERYKKPSWLTPV
Top-PA-96,0.0,0.0,0.0025,0.54,0.485,0.5055000000000001,0.46,0.515,0.492,0.024,0.054,0.089,0.436,0.307,0.301,0.516,0.629,0.373,0.061,0.138,0.149,0.354,0.32,0.309,0.19,0.037,0.167,0.164,0.038,0.078,0.327,0.082,0.019,0.609,0.627,0.614,0.365,0.655,0.545,0.312,0.333,0.55,0.601,0.78,0.838,0.0556666666666666,0.3276666666666666,0.6166666666666667,0.348,0.1313333333333333,0.5216666666666666,0.506,0.0933333333333333,0.3983333333333334,0.1159999999999999,0.1426666666666667,0.7396666666666666,RRGRPSRRFLGKKYRKYYYKSPKPLLRPFLCRICGSRFL
Top-SA-48,0.0,0.162,0.026,0.516,0.392,0.478,0.484,0.446,0.496,0.071,0.162,0.162,0.619,0.585,0.367,0.782,0.873,0.345,0.226,0.392,0.102,0.309,0.077,0.028,0.157,0.215,0.127,0.089,0.0,0.11,0.284,0.306,-0.016,0.611,0.762,0.834,0.227,0.2,0.54,0.126,0.127,0.682,0.487,0.303,0.953,0.1316666666666666,0.138,0.7356666666666666,0.5236666666666666,0.1663333333333333,0.3223333333333333,0.6666666666666666,0.0663333333333333,0.3116666666666667,0.24,0.1913333333333333,0.581,MKTSKPIVHSRKKYRFHKTRSRMTHRTPKVKKSPKVRKKSYLSRLML
Top-SA-70,0.228,0.601,0.147,0.386,0.048,0.3385,0.386,0.351,0.5145,0.8,0.984,0.863,0.777,0.988,0.967,0.808,0.991,1.046,0.493,0.66,0.285,0.074,0.015,-0.075,0.111,0.011,-0.079,0.098,0.009,-0.12,0.181,0.0,0.003,0.118,0.0,0.352,0.108,0.001,0.172,0.097,0.0,0.206,0.316,0.341,0.759,0.8823333333333334,0.0046666666666666,0.1566666666666666,0.9106666666666668,0.0143333333333333,0.0936666666666666,0.9483333333333333,-0.0043333333333333,0.1009999999999999,0.4793333333333333,0.0613333333333333,0.472,AVINFLAKQRLRKRVNAALVIQKYWRRVLAQRKLLMLKK
Top-SA-80,0.062,0.443,0.1355,0.457,0.169,0.415,0.481,0.388,0.4495,0.657,0.549,0.566,0.835,0.986,0.948,0.733,0.991,0.983,0.18,0.204,0.174,0.101,0.029,-0.011,0.075,0.014,-0.071,0.089,0.01,-0.121,0.32,0.097,-0.017,0.233,0.42,0.45,0.093,0.0,0.276,0.179,0.0,0.21,0.498,0.699,0.88,0.5906666666666666,0.0396666666666666,0.3676666666666666,0.923,0.006,0.123,0.9023333333333332,-0.0073333333333333,0.1296666666666666,0.186,0.1333333333333333,0.6923333333333334,WRGALARKAIQRRKWAVRIIRKFIKGFISRNKPL
Top-SA-83,0.062,0.279,0.0865,0.457,0.272,0.418,0.481,0.449,0.4955,0.42,0.351,0.36,0.753,0.828,1.038,0.729,0.919,0.805,0.398,0.341,0.233,0.133,0.034,0.105,0.104,0.024,-0.062,0.127,0.009,-0.011,0.249,0.24,-0.027,0.444,0.614,0.564,0.131,0.149,0.082,0.147,0.072,0.209,0.355,0.419,0.871,0.3769999999999999,0.0906666666666666,0.5406666666666666,0.8729999999999999,0.022,0.1206666666666666,0.8176666666666668,0.0416666666666666,0.1426666666666666,0.324,0.154,0.5483333333333333,FYRNKLKYLAFLRKRMNTNPSRGPYHFRAPSRIFWRTVRGMLPHK
Top-SA-91,0.117,0.394,0.331,0.417,0.222,0.386,0.466,0.384,0.283,0.663,0.719,0.452,0.425,1.0,0.81,0.587,1.001,0.81,0.457,0.642,0.275,0.117,0.044,0.164,0.251,0.0,0.004,0.141,0.0,0.002,0.202,0.0,-0.029,0.217,0.236,0.484,0.34,0.0,0.227,0.278,0.0,0.219,0.346,0.359,0.803,0.6113333333333334,0.1083333333333333,0.3123333333333333,0.7450000000000001,0.085,0.189,0.7993333333333332,0.0476666666666666,0.1656666666666666,0.458,0.0576666666666666,0.5026666666666667,FMVIRFPGRRGYGRLRPRARSLSKASTAINWLTKKFLLKKA
UBL5-TRW11,0.019,0.05,0.0494999999999999,0.48,0.418,0.558,0.501,0.532,0.3925,0.024,0.06,0.065,0.18,0.1,,0.067,0.072,0.141,0.014,0.057,0.044,0.311,0.295,0.311,0.388,0.238,,0.292,0.44,0.192,0.298,0.225,0.21,0.657,0.644,0.637,0.437,0.661,,0.636,0.487,0.674,0.677,0.718,0.748,0.0496666666666666,0.3056666666666667,0.646,0.14,0.313,0.549,0.0933333333333333,0.308,0.5990000000000001,0.0383333333333333,0.2443333333333333,0.7143333333333333,TRWNKIVLKKW
VPS13C-KII09,0.014,0.073,0.1055,0.488,0.362,0.4405,0.498,0.565,0.454,0.023,0.038,0.017,0.191,0.057,,0.22,0.178,0.231,0.012,0.048,0.054,0.326,0.278,0.207,0.307,0.103,,0.234,0.158,0.151,0.294,0.091,0.085,0.646,0.685,0.767,0.499,0.839,,0.55,0.663,0.63,0.677,0.861,0.876,0.026,0.2703333333333333,0.6993333333333333,0.124,0.205,0.669,0.2096666666666666,0.181,0.6143333333333333,0.038,0.1566666666666666,0.8046666666666668,KIIYKLIRL
VPS18-LRK9,0.012,0.062,0.0315,0.477,0.389,0.4629999999999999,0.511,0.549,0.5055000000000001,0.023,0.057,0.059,0.062,0.183,0.167,0.158,0.087,0.181,0.173,0.062,0.19,0.336,0.301,0.223,0.285,0.146,0.24,0.214,0.24,0.151,0.269,0.022,0.013,0.633,0.642,0.697,0.646,0.671,0.583,0.623,0.672,0.68,0.555,0.916,0.795,0.0463333333333333,0.2866666666666667,0.6573333333333333,0.1373333333333333,0.2236666666666666,0.6333333333333334,0.142,0.2016666666666666,0.6583333333333333,0.1416666666666666,0.1013333333333333,0.7553333333333333,LRKKLWLKI
WNK1-KVM11,0.003,0.106,0.003,0.508,0.395,0.666,0.489,0.499,0.331,0.02,0.055,0.052,0.068,0.004,0.435,0.42,0.157,0.299,0.007,0.062,0.057,0.288,0.214,0.209,0.393,0.504,0.193,0.232,0.077,0.004,0.294,0.079,0.085,0.679,0.732,0.742,0.535,0.493,0.402,0.347,0.766,0.726,0.689,0.858,0.851,0.0423333333333333,0.237,0.7176666666666667,0.169,0.3633333333333333,0.4766666666666667,0.292,0.1043333333333333,0.613,0.042,0.1526666666666666,0.7993333333333332,KVMKIKVLRSW
linc-DYDC1-KLI10,0.0,0.085,0.0,0.507,0.415,0.5885,0.493,0.5,0.4115,0.026,0.035,0.035,0.061,0.027,,0.204,0.196,0.214,0.026,0.03,0.065,0.387,0.365,0.283,0.42,0.324,,0.209,0.21,0.186,0.405,0.348,0.2,0.571,0.601,0.661,0.515,0.65,,0.587,0.596,0.605,0.55,0.622,0.562,0.032,0.345,0.611,0.044,0.372,0.5825,0.2046666666666666,0.2016666666666666,0.596,0.0403333333333333,0.3176666666666667,0.5780000000000001,KLIAGIIFLK
